_id,Timestamp,Page Visited,Referral Source
64ea5e0afe4f979a95e9db3d,2023-08-26T20:10:04.000Z,https://lopez.com/,sanchez.com
64ea5e0afe4f979a95e9db3e,2023-08-26T06:31:19.000Z,https://levine.com/,parker-guzman.com
64ea5e0afe4f979a95e9db3f,2023-08-26T17:25:30.000Z,https://www.newton.com/,ryan.com
64ea5e0afe4f979a95e9db40,2023-08-26T05:30:32.000Z,https://perez.org/,baker.com
64ea5e0afe4f979a95e9db41,2023-08-26T20:28:30.000Z,http://bailey-johns.com/,walker.com
64ea5e0afe4f979a95e9db42,2023-08-26T15:05:54.000Z,https://www.little.com/,wise.org
64ea5e0afe4f979a95e9db43,2023-08-27T00:21:16.000Z,http://www.thomas.com/,king.com
64ea5e0afe4f979a95e9db44,2023-08-26T23:45:01.000Z,https://www.pace-payne.com/,nichols-martin.org
64ea5e0afe4f979a95e9db45,2023-08-26T13:52:06.000Z,https://www.moore.com/,acevedo.com
64ea5e0afe4f979a95e9db46,2023-08-26T18:20:36.000Z,http://www.alexander.com/,ewing-skinner.com
64ea5e0afe4f979a95e9db47,2023-08-26T06:36:15.000Z,http://walsh-palmer.com/,kline.com
64ea5e0afe4f979a95e9db48,2023-08-26T19:21:05.000Z,http://www.riggs.com/,leonard-gross.biz
64ea5e0afe4f979a95e9db49,2023-08-26T23:55:30.000Z,https://smith.biz/,howard.com
64ea5e0afe4f979a95e9db4a,2023-08-26T22:29:37.000Z,http://hall.net/,chung-bridges.com
64ea5e0afe4f979a95e9db4b,2023-08-26T23:23:27.000Z,https://villa-jackson.com/,johns-fry.com
64ea5e0afe4f979a95e9db4c,2023-08-26T04:02:48.000Z,https://www.russell.info/,ware.com
64ea5e0afe4f979a95e9db4d,2023-08-27T01:38:05.000Z,http://www.hall.org/,smith-huang.com
64ea5e0afe4f979a95e9db4e,2023-08-26T18:48:24.000Z,https://washington-obrien.biz/,roth.com
64ea5e0afe4f979a95e9db4f,2023-08-27T00:42:47.000Z,https://delgado.org/,west-williams.com
64ea5e0afe4f979a95e9db50,2023-08-26T08:40:55.000Z,https://www.durham.net/,brown.biz
64ea5e0afe4f979a95e9db51,2023-08-26T22:30:39.000Z,http://www.dixon.biz/,carroll.biz
64ea5e0afe4f979a95e9db52,2023-08-26T07:30:22.000Z,http://johnston.com/,cooper.info
64ea5e0afe4f979a95e9db53,2023-08-26T12:51:24.000Z,https://www.mckenzie.com/,schmitt.com
64ea5e0afe4f979a95e9db54,2023-08-26T08:26:45.000Z,http://sanders.biz/,martinez.com
64ea5e0afe4f979a95e9db55,2023-08-26T12:38:21.000Z,https://www.nelson-mercado.org/,tate.info
64ea5e0afe4f979a95e9db56,2023-08-26T03:30:07.000Z,https://walters.com/,bean-potts.com
64ea5e0afe4f979a95e9db57,2023-08-26T04:54:36.000Z,https://stewart.biz/,wheeler.com
64ea5e0afe4f979a95e9db58,2023-08-26T02:13:43.000Z,https://www.wagner-leonard.com/,allen.com
64ea5e0afe4f979a95e9db59,2023-08-26T06:57:21.000Z,https://sutton.com/,thompson.com
64ea5e0afe4f979a95e9db5a,2023-08-26T07:19:16.000Z,http://www.young-holloway.com/,franklin.com
64ea5e0afe4f979a95e9db5b,2023-08-26T08:12:19.000Z,http://www.chang-chang.net/,curtis.biz
64ea5e0afe4f979a95e9db5c,2023-08-26T16:17:40.000Z,https://wheeler.com/,wilson.biz
64ea5e0afe4f979a95e9db5d,2023-08-26T03:50:31.000Z,http://trujillo.com/,chapman.com
64ea5e0afe4f979a95e9db5e,2023-08-26T09:38:31.000Z,http://ruiz-shaw.com/,hudson-miller.com
64ea5e0afe4f979a95e9db5f,2023-08-26T22:22:25.000Z,https://mcbride-bowers.com/,dalton.info
64ea5e0afe4f979a95e9db60,2023-08-26T21:04:57.000Z,https://www.howard-castillo.biz/,tucker.com
64ea5e0afe4f979a95e9db61,2023-08-26T07:53:49.000Z,https://parker.info/,fischer.com
64ea5e0afe4f979a95e9db62,2023-08-26T07:20:09.000Z,https://beasley-buckley.com/,james.com
64ea5e0afe4f979a95e9db63,2023-08-26T09:26:48.000Z,https://johnson-evans.info/,johnson-newton.com
64ea5e0afe4f979a95e9db64,2023-08-26T16:14:03.000Z,http://www.perez.com/,lambert.net
64ea5e0afe4f979a95e9db65,2023-08-26T17:34:43.000Z,http://www.campbell-meyers.com/,woodard-jackson.com
64ea5e0afe4f979a95e9db66,2023-08-26T06:29:45.000Z,https://farmer.com/,arnold.com
64ea5e0afe4f979a95e9db67,2023-08-27T00:29:53.000Z,http://malone-hodge.net/,campbell-hall.com
64ea5e0afe4f979a95e9db68,2023-08-26T03:04:55.000Z,https://www.beltran-neal.info/,osborn.org
64ea5e0afe4f979a95e9db69,2023-08-26T21:25:40.000Z,http://www.griffin.com/,schwartz-herrera.com
64ea5e0afe4f979a95e9db6a,2023-08-26T22:26:29.000Z,http://hartman-garcia.info/,alexander-cook.com
64ea5e0afe4f979a95e9db6b,2023-08-26T13:38:09.000Z,https://gonzalez.com/,bridges.info
64ea5e0afe4f979a95e9db6c,2023-08-26T10:42:32.000Z,https://lamb.biz/,clark-mercado.com
64ea5e0afe4f979a95e9db6d,2023-08-27T01:28:42.000Z,http://www.adkins-george.org/,johnson.net
64ea5e0afe4f979a95e9db6e,2023-08-26T19:45:41.000Z,http://frazier.info/,nguyen-lee.com
64ea5e0afe4f979a95e9db6f,2023-08-26T15:22:19.000Z,http://www.copeland.info/,douglas-george.com
64ea5e0afe4f979a95e9db70,2023-08-26T15:28:21.000Z,https://johnson.com/,gilbert.org
64ea5e0afe4f979a95e9db71,2023-08-26T21:13:25.000Z,https://welch.biz/,hoffman.net
64ea5e0afe4f979a95e9db72,2023-08-26T04:19:15.000Z,https://burton.net/,cruz-woods.biz
64ea5e0afe4f979a95e9db73,2023-08-26T07:20:59.000Z,https://www.martin.com/,stark.com
64ea5e0afe4f979a95e9db74,2023-08-26T05:04:43.000Z,http://johnson-estes.info/,christensen.com
64ea5e0afe4f979a95e9db75,2023-08-26T14:55:37.000Z,https://walker-dennis.org/,wilkins.org
64ea5e0afe4f979a95e9db76,2023-08-26T23:25:12.000Z,https://www.levine.com/,frey.com
64ea5e0afe4f979a95e9db77,2023-08-26T23:04:18.000Z,https://www.mcdaniel-clark.info/,sanchez-wilson.com
64ea5e0afe4f979a95e9db78,2023-08-26T06:03:21.000Z,http://www.smith-crane.info/,mccann.com
64ea5e0afe4f979a95e9db79,2023-08-26T12:06:16.000Z,https://www.cox.com/,peters.com
64ea5e0afe4f979a95e9db7a,2023-08-26T17:25:43.000Z,https://www.rose.com/,jones.com
64ea5e0afe4f979a95e9db7b,2023-08-26T22:31:41.000Z,https://glover.org/,gonzalez.com
64ea5e0afe4f979a95e9db7c,2023-08-26T08:43:39.000Z,http://snyder.com/,webb.com
64ea5e0afe4f979a95e9db7d,2023-08-27T01:27:15.000Z,https://davis.com/,bradshaw-whitaker.com
64ea5e0afe4f979a95e9db7e,2023-08-26T20:12:03.000Z,http://jones.com/,gonzalez.biz
64ea5e0afe4f979a95e9db7f,2023-08-26T19:33:40.000Z,http://www.lopez-reynolds.com/,mckee.com
64ea5e0afe4f979a95e9db80,2023-08-26T07:57:35.000Z,https://valencia-wright.com/,spencer-marsh.info
64ea5e0afe4f979a95e9db81,2023-08-26T16:23:40.000Z,http://johns.info/,patel-reeves.com
64ea5e0afe4f979a95e9db82,2023-08-26T06:22:06.000Z,http://www.madden-evans.com/,bush.biz
64ea5e0afe4f979a95e9db83,2023-08-26T09:49:25.000Z,http://www.anderson-bell.com/,munoz.com
64ea5e0afe4f979a95e9db84,2023-08-26T12:50:30.000Z,https://www.parsons.org/,hardy.com
64ea5e0afe4f979a95e9db85,2023-08-27T00:20:03.000Z,https://www.fletcher.info/,pollard.net
64ea5e0afe4f979a95e9db86,2023-08-26T02:28:18.000Z,https://johnson.net/,smith-carson.com
64ea5e0afe4f979a95e9db87,2023-08-26T16:55:38.000Z,https://www.weber-francis.org/,kent.com
64ea5e0afe4f979a95e9db88,2023-08-26T20:10:29.000Z,http://www.thomas.com/,kaufman-ramirez.com
64ea5e0afe4f979a95e9db89,2023-08-26T20:14:01.000Z,http://lambert.com/,kim.com
64ea5e0afe4f979a95e9db8a,2023-08-26T03:57:10.000Z,http://www.steele-adams.com/,walker.com
64ea5e0afe4f979a95e9db8b,2023-08-26T16:42:50.000Z,http://www.walker.com/,cruz-landry.biz
64ea5e0afe4f979a95e9db8c,2023-08-26T20:54:24.000Z,https://smith.com/,harris.biz
64ea5e0afe4f979a95e9db8d,2023-08-26T21:56:59.000Z,http://price.net/,cannon.net
64ea5e0afe4f979a95e9db8e,2023-08-26T09:27:14.000Z,http://blair.org/,ward.org
64ea5e0afe4f979a95e9db8f,2023-08-26T19:50:34.000Z,https://matthews.biz/,lambert.com
64ea5e0afe4f979a95e9db90,2023-08-26T11:12:14.000Z,https://welch.biz/,lane-saunders.com
64ea5e0afe4f979a95e9db91,2023-08-26T12:54:01.000Z,http://www.diaz-steele.info/,david.com
64ea5e0afe4f979a95e9db92,2023-08-26T18:48:05.000Z,https://carlson-lyons.info/,becker-parker.org
64ea5e0afe4f979a95e9db93,2023-08-26T07:50:37.000Z,https://www.lane.com/,williams-hernandez.com
64ea5e0afe4f979a95e9db94,2023-08-26T06:28:20.000Z,https://www.james.com/,moore-sanders.com
64ea5e0afe4f979a95e9db95,2023-08-26T23:20:26.000Z,http://www.conley.com/,jackson-hoffman.com
64ea5e0afe4f979a95e9db96,2023-08-26T10:26:10.000Z,https://www.williams.info/,stevenson.com
64ea5e0afe4f979a95e9db97,2023-08-26T12:24:04.000Z,http://crawford.net/,schwartz.com
64ea5e0afe4f979a95e9db98,2023-08-26T21:20:21.000Z,https://www.schwartz-hernandez.biz/,williams.com
64ea5e0afe4f979a95e9db99,2023-08-26T05:08:36.000Z,https://giles.com/,garrett-walker.net
64ea5e0afe4f979a95e9db9a,2023-08-26T13:01:40.000Z,https://jones.com/,shea-thompson.net
64ea5e0afe4f979a95e9db9b,2023-08-26T03:08:43.000Z,https://hale.info/,lester.org
64ea5e0afe4f979a95e9db9c,2023-08-27T00:03:47.000Z,http://charles-cannon.biz/,glenn.net
64ea5e0afe4f979a95e9db9d,2023-08-27T01:12:45.000Z,https://www.warner-hill.com/,robinson.info
64ea5e0afe4f979a95e9db9e,2023-08-26T03:03:41.000Z,http://robertson-oconnor.org/,woods.org
64ea5e0afe4f979a95e9db9f,2023-08-26T14:14:20.000Z,http://barrett.net/,walker.com
64ea5e0afe4f979a95e9dba0,2023-08-26T13:40:35.000Z,http://marsh.com/,tyler-murillo.info
64ea5e0afe4f979a95e9dba1,2023-08-26T19:30:18.000Z,https://www.scott.net/,chase.com
64ea5e0afe4f979a95e9dba2,2023-08-27T00:48:59.000Z,https://santiago.com/,lowe.com
64ea5e0afe4f979a95e9dba3,2023-08-26T18:50:26.000Z,http://www.clark.net/,taylor.com
64ea5e0afe4f979a95e9dba4,2023-08-26T15:13:50.000Z,http://wood.com/,wyatt-brown.biz
64ea5e0afe4f979a95e9dba5,2023-08-26T01:52:49.000Z,http://www.park-bennett.info/,contreras-wright.com
64ea5e0afe4f979a95e9dba6,2023-08-26T21:10:16.000Z,https://delgado.com/,smith-arellano.org
64ea5e0afe4f979a95e9dba7,2023-08-26T11:34:57.000Z,http://stone.com/,turner.biz
64ea5e0afe4f979a95e9dba8,2023-08-26T14:29:23.000Z,https://www.reyes.com/,greer.com
64ea5e0afe4f979a95e9dba9,2023-08-26T22:11:08.000Z,https://www.phillips-wolfe.com/,pena.com
64ea5e0afe4f979a95e9dbaa,2023-08-26T02:31:48.000Z,https://www.ramirez.com/,day.org
64ea5e0afe4f979a95e9dbab,2023-08-26T02:05:05.000Z,http://norman.com/,robinson.info
64ea5e0afe4f979a95e9dbac,2023-08-26T07:32:09.000Z,http://bell.biz/,conner.com
64ea5e0afe4f979a95e9dbad,2023-08-26T23:29:21.000Z,https://smith.com/,thomas.com
64ea5e0afe4f979a95e9dbae,2023-08-26T07:28:07.000Z,https://www.reyes-payne.com/,sullivan.com
64ea5e0afe4f979a95e9dbaf,2023-08-26T21:09:42.000Z,http://www.martinez-murphy.com/,wilson.com
64ea5e0afe4f979a95e9dbb0,2023-08-26T13:59:56.000Z,https://jackson-newman.info/,lewis-reed.com
64ea5e0afe4f979a95e9dbb1,2023-08-26T12:34:58.000Z,http://cooper-cervantes.net/,giles.biz
64ea5e0afe4f979a95e9dbb2,2023-08-26T16:31:41.000Z,https://shields-smith.info/,mcclure.net
64ea5e0afe4f979a95e9dbb3,2023-08-26T02:19:50.000Z,https://booth.com/,hughes.info
64ea5e0afe4f979a95e9dbb4,2023-08-26T16:51:29.000Z,http://patterson.com/,brown.biz
64ea5e0afe4f979a95e9dbb5,2023-08-26T16:07:47.000Z,http://rios.com/,bass-hawkins.org
64ea5e0afe4f979a95e9dbb6,2023-08-26T05:54:03.000Z,https://www.lewis.com/,lindsey.org
64ea5e0afe4f979a95e9dbb7,2023-08-26T23:54:33.000Z,https://www.clark.com/,ortiz.info
64ea5e0afe4f979a95e9dbb8,2023-08-26T20:49:21.000Z,https://hughes.com/,garcia-murray.biz
64ea5e0afe4f979a95e9dbb9,2023-08-27T00:46:06.000Z,https://gonzalez.org/,chapman.info
64ea5e0afe4f979a95e9dbba,2023-08-26T13:18:10.000Z,https://robinson.net/,freeman.biz
64ea5e0afe4f979a95e9dbbb,2023-08-26T08:57:43.000Z,https://www.petersen-chen.info/,walters-powell.com
64ea5e0afe4f979a95e9dbbc,2023-08-26T23:25:55.000Z,https://martinez.com/,white.org
64ea5e0afe4f979a95e9dbbd,2023-08-26T21:04:57.000Z,https://www.richardson.com/,ingram.com
64ea5e0afe4f979a95e9dbbe,2023-08-26T11:18:19.000Z,https://www.campbell-ortiz.com/,miller.com
64ea5e0afe4f979a95e9dbbf,2023-08-26T11:29:23.000Z,http://parsons.com/,carpenter.net
64ea5e0afe4f979a95e9dbc0,2023-08-26T06:58:50.000Z,https://www.johnson-barron.net/,hurley.org
64ea5e0afe4f979a95e9dbc1,2023-08-26T12:48:38.000Z,https://www.moss.info/,perez.com
64ea5e0afe4f979a95e9dbc2,2023-08-26T12:49:57.000Z,http://david.biz/,andrews.com
64ea5e0afe4f979a95e9dbc3,2023-08-27T01:33:36.000Z,https://holt.com/,watson.com
64ea5e0afe4f979a95e9dbc4,2023-08-26T16:45:33.000Z,http://perez.com/,wang.com
64ea5e0afe4f979a95e9dbc5,2023-08-26T19:18:27.000Z,http://www.nicholson.info/,rodriguez-torres.com
64ea5e0afe4f979a95e9dbc6,2023-08-26T09:17:48.000Z,https://www.hernandez.com/,taylor.com
64ea5e0afe4f979a95e9dbc7,2023-08-26T08:27:22.000Z,https://clark.com/,norris-white.com
64ea5e0afe4f979a95e9dbc8,2023-08-26T07:14:43.000Z,https://alexander.com/,graves.biz
64ea5e0afe4f979a95e9dbc9,2023-08-26T14:39:07.000Z,https://anderson-atkins.biz/,roberts.com
64ea5e0afe4f979a95e9dbca,2023-08-26T19:18:47.000Z,https://burke.com/,brown-schmidt.org
64ea5e0afe4f979a95e9dbcb,2023-08-26T08:07:33.000Z,https://patel.com/,pacheco.com
64ea5e0afe4f979a95e9dbcc,2023-08-26T04:17:14.000Z,http://brown-gonzalez.net/,compton.net
64ea5e0afe4f979a95e9dbcd,2023-08-26T02:44:33.000Z,https://www.simmons.com/,stone-barker.biz
64ea5e0afe4f979a95e9dbce,2023-08-26T02:07:35.000Z,http://hodges-cortez.com/,phillips-williams.com
64ea5e0afe4f979a95e9dbcf,2023-08-27T00:15:53.000Z,http://singh.com/,hughes.info
64ea5e0afe4f979a95e9dbd0,2023-08-26T04:50:29.000Z,https://www.patel-cooper.com/,williams.biz
64ea5e0afe4f979a95e9dbd1,2023-08-26T15:01:34.000Z,https://lloyd.com/,sellers-hughes.biz
64ea5e0afe4f979a95e9dbd2,2023-08-26T02:04:39.000Z,https://www.baker.com/,klein.org
64ea5e0afe4f979a95e9dbd3,2023-08-26T02:55:55.000Z,https://price-williams.com/,wilson-perez.com
64ea5e0afe4f979a95e9dbd4,2023-08-26T08:14:21.000Z,http://rice.net/,clark.com
64ea5e0afe4f979a95e9dbd5,2023-08-26T06:40:26.000Z,https://gibson-day.com/,castillo-espinoza.com
64ea5e0afe4f979a95e9dbd6,2023-08-26T16:49:37.000Z,https://www.ayers-ibarra.com/,adams-bailey.net
64ea5e0afe4f979a95e9dbd7,2023-08-26T11:50:12.000Z,https://scott.biz/,brown-castillo.org
64ea5e0afe4f979a95e9dbd8,2023-08-26T15:49:46.000Z,http://stark.com/,brady.com
64ea5e0afe4f979a95e9dbd9,2023-08-26T21:49:58.000Z,http://www.nelson-aguirre.org/,smith.com
64ea5e0afe4f979a95e9dbda,2023-08-26T14:09:12.000Z,http://www.glass.com/,johnson.com
64ea5e0afe4f979a95e9dbdb,2023-08-26T18:39:40.000Z,http://www.simon-perry.org/,brown-james.com
64ea5e0afe4f979a95e9dbdc,2023-08-27T01:28:42.000Z,http://mayer.org/,foster.info
64ea5e0afe4f979a95e9dbdd,2023-08-26T10:30:31.000Z,https://woods-robinson.net/,conley.com
64ea5e0afe4f979a95e9dbde,2023-08-26T17:23:36.000Z,https://chase.com/,crosby.com
64ea5e0afe4f979a95e9dbdf,2023-08-26T07:47:12.000Z,http://www.davis.org/,lewis.com
64ea5e0afe4f979a95e9dbe0,2023-08-27T01:12:56.000Z,http://hayes.com/,johnson-horne.com
64ea5e0afe4f979a95e9dbe1,2023-08-26T13:02:37.000Z,http://www.cooper.com/,holloway-summers.info
64ea5e0afe4f979a95e9dbe2,2023-08-26T10:08:33.000Z,http://park.com/,reed-arnold.com
64ea5e0afe4f979a95e9dbe3,2023-08-26T01:56:33.000Z,http://scott-johnston.com/,hudson-price.com
64ea5e0afe4f979a95e9dbe4,2023-08-26T15:21:56.000Z,https://durham.com/,russell.net
64ea5e0afe4f979a95e9dbe5,2023-08-26T21:24:48.000Z,http://brown.com/,reynolds.biz
64ea5e0afe4f979a95e9dbe6,2023-08-26T18:52:25.000Z,http://kelley.biz/,hartman-lopez.org
64ea5e0afe4f979a95e9dbe7,2023-08-26T14:10:27.000Z,http://taylor.com/,nash-ross.com
64ea5e0afe4f979a95e9dbe8,2023-08-26T05:15:34.000Z,https://rivera-ritter.org/,stone.com
64ea5e0afe4f979a95e9dbe9,2023-08-26T10:39:39.000Z,https://www.henderson.org/,anthony.com
64ea5e0afe4f979a95e9dbea,2023-08-26T03:50:09.000Z,https://williams.biz/,rowland-lane.com
64ea5e0afe4f979a95e9dbeb,2023-08-26T09:41:45.000Z,http://le.net/,salazar.biz
64ea5e0afe4f979a95e9dbec,2023-08-26T09:24:13.000Z,https://long-boyd.com/,anderson.info
64ea5e0afe4f979a95e9dbed,2023-08-26T02:31:30.000Z,https://www.burns-sanchez.com/,ryan-higgins.biz
64ea5e0afe4f979a95e9dbee,2023-08-26T20:31:06.000Z,https://www.crawford.com/,anderson-mitchell.org
64ea5e0afe4f979a95e9dbef,2023-08-26T15:09:43.000Z,https://gardner.com/,wallace.org
64ea5e0afe4f979a95e9dbf0,2023-08-26T21:11:02.000Z,https://www.johns.com/,garcia.com
64ea5e0afe4f979a95e9dbf1,2023-08-26T20:21:05.000Z,http://www.jenkins.com/,kennedy.com
64ea5e0afe4f979a95e9dbf2,2023-08-26T03:23:17.000Z,http://walker.net/,jackson-smith.org
64ea5e0afe4f979a95e9dbf3,2023-08-26T19:16:07.000Z,http://perez.info/,larson.com
64ea5e0afe4f979a95e9dbf4,2023-08-26T18:01:26.000Z,https://www.campbell.com/,hernandez.com
64ea5e0afe4f979a95e9dbf5,2023-08-26T19:35:02.000Z,https://martin.biz/,webb.com
64ea5e0afe4f979a95e9dbf6,2023-08-26T23:09:15.000Z,http://weber-flynn.com/,oliver.biz
64ea5e0afe4f979a95e9dbf7,2023-08-26T04:28:08.000Z,http://roy-proctor.org/,flores.com
64ea5e0afe4f979a95e9dbf8,2023-08-26T23:28:21.000Z,http://www.james-rose.biz/,washington.net
64ea5e0afe4f979a95e9dbf9,2023-08-26T16:44:41.000Z,https://www.hunt.com/,miller-collins.com
64ea5e0afe4f979a95e9dbfa,2023-08-26T22:12:19.000Z,http://www.thompson-martinez.com/,odom.biz
64ea5e0afe4f979a95e9dbfb,2023-08-26T14:15:24.000Z,https://kennedy.com/,mathews.com
64ea5e0afe4f979a95e9dbfc,2023-08-26T02:45:27.000Z,http://www.shields.com/,green.com
64ea5e0afe4f979a95e9dbfd,2023-08-26T18:10:07.000Z,https://www.williams.com/,clark-richardson.com
64ea5e0afe4f979a95e9dbfe,2023-08-26T18:38:39.000Z,https://frank-lee.net/,schneider.com
64ea5e0afe4f979a95e9dbff,2023-08-26T06:56:34.000Z,http://elliott.com/,hopkins.com
64ea5e0afe4f979a95e9dc00,2023-08-26T03:09:36.000Z,http://good-owens.com/,turner.com
64ea5e0afe4f979a95e9dc01,2023-08-26T07:55:29.000Z,https://kim.com/,cook.com
64ea5e0afe4f979a95e9dc02,2023-08-26T03:58:26.000Z,https://www.parker.biz/,richardson.com
64ea5e0afe4f979a95e9dc03,2023-08-26T19:47:45.000Z,http://edwards-robinson.com/,taylor-romero.biz
64ea5e0afe4f979a95e9dc04,2023-08-26T16:02:56.000Z,http://mclaughlin.com/,obrien.org
64ea5e0afe4f979a95e9dc05,2023-08-26T16:09:50.000Z,http://www.brown.org/,kelly-hebert.com
64ea5e0afe4f979a95e9dc06,2023-08-26T06:18:29.000Z,https://www.jones.net/,ramirez.com
64ea5e0afe4f979a95e9dc07,2023-08-26T17:29:07.000Z,http://www.fletcher-simmons.com/,williams.com
64ea5e0afe4f979a95e9dc08,2023-08-26T13:12:52.000Z,http://ponce-terrell.net/,baldwin.com
64ea5e0afe4f979a95e9dc09,2023-08-26T21:20:25.000Z,http://www.moore-bates.com/,kemp-smith.com
64ea5e0afe4f979a95e9dc0a,2023-08-26T08:30:37.000Z,http://williams.biz/,johnson.net
64ea5e0afe4f979a95e9dc0b,2023-08-26T15:05:19.000Z,http://andrade-daugherty.biz/,johnson-johnson.net
64ea5e0afe4f979a95e9dc0c,2023-08-26T17:26:06.000Z,http://jackson.com/,roberts-riley.net
64ea5e0afe4f979a95e9dc0d,2023-08-26T08:35:42.000Z,https://dalton-bruce.org/,webb.org
64ea5e0afe4f979a95e9dc0e,2023-08-26T17:54:15.000Z,https://white-white.com/,rodriguez.org
64ea5e0afe4f979a95e9dc0f,2023-08-26T09:09:55.000Z,http://roberts.biz/,williams.net
64ea5e0afe4f979a95e9dc10,2023-08-26T17:25:20.000Z,https://garcia.biz/,taylor.com
64ea5e0afe4f979a95e9dc11,2023-08-26T10:16:41.000Z,https://www.watkins.org/,russell-garcia.com
64ea5e0afe4f979a95e9dc12,2023-08-26T04:53:48.000Z,http://pham-sexton.com/,butler-edwards.com
64ea5e0afe4f979a95e9dc13,2023-08-26T08:53:07.000Z,http://www.perez-conley.com/,davis.net
64ea5e0afe4f979a95e9dc14,2023-08-26T03:54:39.000Z,http://www.hernandez.com/,smith.info
64ea5e0afe4f979a95e9dc15,2023-08-26T20:24:18.000Z,https://flores.com/,maxwell.com
64ea5e0afe4f979a95e9dc16,2023-08-26T09:08:50.000Z,http://benton.com/,kelly.biz
64ea5e0afe4f979a95e9dc17,2023-08-26T05:42:30.000Z,https://stevens.com/,jackson.info
64ea5e0afe4f979a95e9dc18,2023-08-26T08:28:31.000Z,http://www.tyler.com/,perez.com
64ea5e0afe4f979a95e9dc19,2023-08-26T09:50:03.000Z,https://romero.com/,torres-wilson.com
64ea5e0afe4f979a95e9dc1a,2023-08-27T00:43:14.000Z,https://www.harper-alvarado.com/,cobb.org
64ea5e0afe4f979a95e9dc1b,2023-08-26T04:19:05.000Z,https://www.wise.biz/,perez.com
64ea5e0afe4f979a95e9dc1c,2023-08-26T11:11:44.000Z,http://thompson.com/,nelson-armstrong.com
64ea5e0afe4f979a95e9dc1d,2023-08-26T06:43:38.000Z,https://valencia-branch.com/,gray-sellers.com
64ea5e0afe4f979a95e9dc1e,2023-08-26T07:48:42.000Z,http://martinez.com/,shaffer.com
64ea5e0afe4f979a95e9dc1f,2023-08-26T13:42:31.000Z,https://singh.org/,wright.info
64ea5e0afe4f979a95e9dc20,2023-08-26T11:45:37.000Z,http://www.baker.org/,cohen.com
64ea5e0afe4f979a95e9dc21,2023-08-26T18:13:57.000Z,https://www.moss.org/,maxwell-shea.com
64ea5e0afe4f979a95e9dc22,2023-08-26T08:07:36.000Z,https://esparza-santiago.biz/,bowen-bernard.biz
64ea5e0afe4f979a95e9dc23,2023-08-26T22:01:16.000Z,https://cooper.com/,martin-cunningham.net
64ea5e0afe4f979a95e9dc24,2023-08-26T16:08:58.000Z,https://alvarado.com/,medina.com
64ea5e0afe4f979a95e9dc25,2023-08-26T13:00:06.000Z,https://www.kline.com/,mcdonald.com
64ea5e0afe4f979a95e9dc26,2023-08-26T14:49:37.000Z,http://www.dominguez.com/,brown-nicholson.com
64ea5e0afe4f979a95e9dc27,2023-08-26T13:57:19.000Z,http://garcia.com/,brown.info
64ea5e0afe4f979a95e9dc28,2023-08-26T10:53:26.000Z,http://www.watson.com/,carey-pham.org
64ea5e0afe4f979a95e9dc29,2023-08-26T02:22:29.000Z,http://alvarez-martin.org/,gross.com
64ea5e0afe4f979a95e9dc2a,2023-08-26T06:13:41.000Z,http://www.baker-elliott.com/,romero-adams.com
64ea5e0afe4f979a95e9dc2b,2023-08-26T23:18:20.000Z,http://perkins.net/,casey.com
64ea5e0afe4f979a95e9dc2c,2023-08-26T12:52:03.000Z,https://www.coleman-thompson.net/,valenzuela-johnson.org
64ea5e0afe4f979a95e9dc2d,2023-08-26T18:14:47.000Z,http://tran-landry.com/,small-burgess.biz
64ea5e0afe4f979a95e9dc2e,2023-08-26T19:31:12.000Z,https://www.keller.info/,hernandez-myers.com
64ea5e0afe4f979a95e9dc2f,2023-08-27T00:07:46.000Z,http://ramsey.org/,graham.com
64ea5e0afe4f979a95e9dc30,2023-08-26T10:51:43.000Z,https://www.ruiz-franco.com/,white.org
64ea5e0afe4f979a95e9dc31,2023-08-26T21:35:36.000Z,http://soto.com/,frank.net
64ea5e0afe4f979a95e9dc32,2023-08-26T19:31:16.000Z,https://www.avery-richardson.com/,parks.com
64ea5e0afe4f979a95e9dc33,2023-08-26T15:05:49.000Z,http://www.fox.com/,valdez-gray.com
64ea5e0afe4f979a95e9dc34,2023-08-27T00:12:35.000Z,https://thomas.info/,marsh.com
64ea5e0afe4f979a95e9dc35,2023-08-26T21:47:09.000Z,http://www.martinez-lester.net/,lambert.com
64ea5e0afe4f979a95e9dc36,2023-08-26T03:43:08.000Z,http://www.thomas.com/,lucas.com
64ea5e0afe4f979a95e9dc37,2023-08-26T10:53:30.000Z,https://www.dixon.biz/,richardson-barajas.com
64ea5e0afe4f979a95e9dc38,2023-08-26T13:54:46.000Z,http://www.silva.com/,phillips.com
64ea5e0afe4f979a95e9dc39,2023-08-26T15:50:21.000Z,https://vega.com/,gardner.org
64ea5e0afe4f979a95e9dc3a,2023-08-26T23:04:51.000Z,http://www.osborn.com/,gibson-rios.com
64ea5e0afe4f979a95e9dc3b,2023-08-26T03:58:59.000Z,http://howard.com/,norman.com
64ea5e0afe4f979a95e9dc3c,2023-08-26T06:42:13.000Z,https://www.page.com/,stewart.net
64ea5e0afe4f979a95e9dc3d,2023-08-26T11:12:29.000Z,https://ross.com/,shepherd.com
64ea5e0afe4f979a95e9dc3e,2023-08-26T20:41:35.000Z,http://lee.org/,porter.com
64ea5e0afe4f979a95e9dc3f,2023-08-27T00:12:36.000Z,http://dunn.com/,harris-koch.com
64ea5e0afe4f979a95e9dc40,2023-08-26T23:10:23.000Z,http://www.cross-morgan.biz/,hernandez.info
64ea5e0afe4f979a95e9dc41,2023-08-26T04:26:03.000Z,http://smith-morgan.net/,cooper-poole.biz
64ea5e0afe4f979a95e9dc42,2023-08-26T13:03:52.000Z,https://jackson.biz/,gonzalez.com
64ea5e0afe4f979a95e9dc43,2023-08-26T09:37:51.000Z,https://newman-freeman.com/,tanner-thomas.com
64ea5e0afe4f979a95e9dc44,2023-08-26T21:59:16.000Z,https://www.carpenter-ingram.com/,holder.com
64ea5e0afe4f979a95e9dc45,2023-08-26T10:28:40.000Z,http://frost.com/,matthews.com
64ea5e0afe4f979a95e9dc46,2023-08-26T07:12:59.000Z,https://ellis.com/,marshall-vargas.com
64ea5e0afe4f979a95e9dc47,2023-08-26T11:51:49.000Z,https://www.willis-long.com/,bowers.com
64ea5e0afe4f979a95e9dc48,2023-08-26T17:03:39.000Z,https://www.simpson-tyler.com/,garcia.com
64ea5e0afe4f979a95e9dc49,2023-08-26T09:33:26.000Z,http://www.welch-nelson.org/,raymond.biz
64ea5e0afe4f979a95e9dc4a,2023-08-26T10:41:51.000Z,http://henderson.com/,lane.com
64ea5e0afe4f979a95e9dc4b,2023-08-26T15:27:09.000Z,http://www.hughes.com/,dorsey-lewis.com
64ea5e0afe4f979a95e9dc4c,2023-08-26T03:20:44.000Z,http://www.oconnell.com/,douglas.biz
64ea5e0afe4f979a95e9dc4d,2023-08-26T05:33:10.000Z,https://jimenez.com/,smith.com
64ea5e0afe4f979a95e9dc4e,2023-08-26T14:57:24.000Z,http://benson.org/,schmitt-valdez.com
64ea5e0afe4f979a95e9dc4f,2023-08-27T01:44:00.000Z,http://greene-tran.org/,todd-harding.com
64ea5e0afe4f979a95e9dc50,2023-08-26T07:23:38.000Z,https://www.brooks-adkins.biz/,miller.net
64ea5e0afe4f979a95e9dc51,2023-08-26T08:53:18.000Z,https://www.patrick.com/,fitzgerald.com
64ea5e0afe4f979a95e9dc52,2023-08-26T20:56:34.000Z,http://www.morgan.com/,hurst.com
64ea5e0afe4f979a95e9dc53,2023-08-27T00:38:49.000Z,https://martin-hobbs.biz/,armstrong.net
64ea5e0afe4f979a95e9dc54,2023-08-26T13:22:47.000Z,https://irwin-price.biz/,patton.com
64ea5e0afe4f979a95e9dc55,2023-08-26T07:22:32.000Z,https://cantu.com/,harris.biz
64ea5e0afe4f979a95e9dc56,2023-08-26T18:23:00.000Z,https://banks.com/,woodard-bolton.com
64ea5e0afe4f979a95e9dc57,2023-08-26T15:32:38.000Z,http://wilson.com/,freeman.com
64ea5e0afe4f979a95e9dc58,2023-08-26T14:40:41.000Z,http://harrington.com/,trujillo.com
64ea5e0afe4f979a95e9dc59,2023-08-26T08:41:01.000Z,http://www.nguyen.net/,clarke-jones.com
64ea5e0afe4f979a95e9dc5a,2023-08-26T13:50:46.000Z,http://meyer.com/,fuentes.com
64ea5e0afe4f979a95e9dc5b,2023-08-26T13:56:26.000Z,http://www.vazquez.com/,williams.com
64ea5e0afe4f979a95e9dc5c,2023-08-26T02:15:39.000Z,http://best-smith.org/,moore.com
64ea5e0afe4f979a95e9dc5d,2023-08-26T18:08:53.000Z,https://www.anderson.com/,may.org
64ea5e0afe4f979a95e9dc5e,2023-08-26T17:54:16.000Z,https://www.hayes.org/,graham.info
64ea5e0afe4f979a95e9dc5f,2023-08-26T02:19:23.000Z,http://burton-chapman.com/,krause-rojas.info
64ea5e0afe4f979a95e9dc60,2023-08-26T20:36:43.000Z,https://www.moore.com/,dennis-whitaker.biz
64ea5e0afe4f979a95e9dc61,2023-08-26T23:20:23.000Z,http://www.mendoza.biz/,rodriguez-jensen.biz
64ea5e0afe4f979a95e9dc62,2023-08-26T09:06:45.000Z,https://www.olson.biz/,clarke-nguyen.net
64ea5e0afe4f979a95e9dc63,2023-08-26T20:27:11.000Z,http://howard.net/,ray.com
64ea5e0afe4f979a95e9dc64,2023-08-26T06:44:48.000Z,http://www.alvarado.com/,cole.info
64ea5e0afe4f979a95e9dc65,2023-08-26T17:00:14.000Z,https://lopez-roberts.net/,thomas-roth.biz
64ea5e0afe4f979a95e9dc66,2023-08-26T18:03:34.000Z,https://www.shelton.biz/,lewis.com
64ea5e0afe4f979a95e9dc67,2023-08-26T03:41:15.000Z,http://www.coleman.com/,osborne-perry.com
64ea5e0afe4f979a95e9dc68,2023-08-26T17:52:53.000Z,https://www.johnson.net/,wright-stewart.com
64ea5e0afe4f979a95e9dc69,2023-08-26T12:00:12.000Z,http://www.bennett.com/,moss-nolan.com
64ea5e0afe4f979a95e9dc6a,2023-08-26T11:58:56.000Z,https://www.jones-potter.net/,ross-baxter.com
64ea5e0afe4f979a95e9dc6b,2023-08-26T20:35:18.000Z,https://lindsey.com/,meyer.com
64ea5e0afe4f979a95e9dc6c,2023-08-26T19:34:53.000Z,http://www.sanders.com/,henry.info
64ea5e0afe4f979a95e9dc6d,2023-08-26T15:47:47.000Z,https://sanchez.com/,jones.com
64ea5e0afe4f979a95e9dc6e,2023-08-26T19:36:04.000Z,https://graves.com/,morton.com
64ea5e0afe4f979a95e9dc6f,2023-08-26T04:19:27.000Z,http://hansen.com/,tran.com
64ea5e0afe4f979a95e9dc70,2023-08-26T20:21:34.000Z,http://morales.com/,jones-perry.com
64ea5e0afe4f979a95e9dc71,2023-08-27T00:44:03.000Z,http://www.bridges.biz/,burns.com
64ea5e0afe4f979a95e9dc72,2023-08-27T00:45:39.000Z,https://www.reyes-oliver.com/,williams-alvarado.info
64ea5e0afe4f979a95e9dc73,2023-08-26T02:17:57.000Z,https://dawson-allen.com/,perry.org
64ea5e0afe4f979a95e9dc74,2023-08-26T08:22:34.000Z,http://boyd.info/,mcgee-khan.com
64ea5e0afe4f979a95e9dc75,2023-08-26T16:10:13.000Z,https://fry.com/,kelly-ray.org
64ea5e0afe4f979a95e9dc76,2023-08-26T10:16:54.000Z,http://www.morrow-mosley.com/,johnson.com
64ea5e0afe4f979a95e9dc77,2023-08-26T12:15:27.000Z,https://www.davies.com/,clark.com
64ea5e0afe4f979a95e9dc78,2023-08-26T21:43:10.000Z,http://www.gray.org/,huynh.com
64ea5e0afe4f979a95e9dc79,2023-08-26T06:04:20.000Z,http://scott.net/,jensen.net
64ea5e0afe4f979a95e9dc7a,2023-08-27T00:06:07.000Z,https://www.romero.com/,holt.com
64ea5e0afe4f979a95e9dc7b,2023-08-26T22:48:48.000Z,http://meza.org/,jones.com
64ea5e0afe4f979a95e9dc7c,2023-08-26T10:33:41.000Z,https://www.rodriguez-wells.com/,fletcher.info
64ea5e0afe4f979a95e9dc7d,2023-08-26T11:19:59.000Z,https://www.chapman-stark.biz/,francis-skinner.net
64ea5e0afe4f979a95e9dc7e,2023-08-26T05:40:33.000Z,http://ortiz.com/,moore.com
64ea5e0afe4f979a95e9dc7f,2023-08-26T08:34:09.000Z,http://www.andrews.com/,brown.org
64ea5e0afe4f979a95e9dc80,2023-08-27T01:47:41.000Z,http://martin-davis.com/,thomas-chang.com
64ea5e0afe4f979a95e9dc81,2023-08-26T09:46:03.000Z,https://brooks.com/,young-buck.com
64ea5e0afe4f979a95e9dc82,2023-08-26T21:36:33.000Z,http://ellis.com/,ferguson.com
64ea5e0afe4f979a95e9dc83,2023-08-26T12:09:03.000Z,https://baker.com/,mckenzie-roberson.com
64ea5e0afe4f979a95e9dc84,2023-08-26T18:01:43.000Z,https://www.white.com/,sanders.biz
64ea5e0afe4f979a95e9dc85,2023-08-26T03:09:25.000Z,http://benjamin.info/,hernandez-olson.com
64ea5e0afe4f979a95e9dc86,2023-08-26T04:21:20.000Z,http://chapman.info/,graves.com
64ea5e0afe4f979a95e9dc87,2023-08-26T11:39:15.000Z,http://www.booker.com/,barron.biz
64ea5e0afe4f979a95e9dc88,2023-08-27T00:50:18.000Z,http://frederick.com/,perez.com
64ea5e0afe4f979a95e9dc89,2023-08-26T05:06:44.000Z,http://www.carter.net/,kelley.com
64ea5e0afe4f979a95e9dc8a,2023-08-26T13:07:43.000Z,http://www.adams.biz/,alexander.com
64ea5e0afe4f979a95e9dc8b,2023-08-26T14:02:26.000Z,https://wiley.com/,coleman.info
64ea5e0afe4f979a95e9dc8c,2023-08-26T20:04:42.000Z,http://luna.com/,jones-scott.info
64ea5e0afe4f979a95e9dc8d,2023-08-26T20:38:04.000Z,http://www.cross-warren.com/,wheeler-garza.com
64ea5e0afe4f979a95e9dc8e,2023-08-26T02:34:28.000Z,https://www.rosales.net/,green-bond.info
64ea5e0afe4f979a95e9dc8f,2023-08-26T12:32:40.000Z,https://www.brown-morrison.info/,lawson.org
64ea5e0afe4f979a95e9dc90,2023-08-26T18:28:46.000Z,https://moore.com/,thomas-jones.com
64ea5e0afe4f979a95e9dc91,2023-08-27T01:41:15.000Z,https://ross.biz/,cummings.net
64ea5e0afe4f979a95e9dc92,2023-08-26T16:30:59.000Z,https://snyder-evans.org/,curtis.org
64ea5e0afe4f979a95e9dc93,2023-08-26T18:21:57.000Z,https://green.com/,reynolds.com
64ea5e0afe4f979a95e9dc94,2023-08-26T15:48:58.000Z,https://norris.com/,burton.biz
64ea5e0afe4f979a95e9dc95,2023-08-27T00:04:27.000Z,https://www.flynn-todd.com/,jackson-fuller.com
64ea5e0afe4f979a95e9dc96,2023-08-26T10:34:03.000Z,http://www.hays.com/,hanson-haynes.com
64ea5e0afe4f979a95e9dc97,2023-08-26T02:38:54.000Z,https://www.morgan-harris.com/,burgess.com
64ea5e0afe4f979a95e9dc98,2023-08-26T07:56:02.000Z,http://brooks.com/,davis-diaz.biz
64ea5e0afe4f979a95e9dc99,2023-08-26T12:04:33.000Z,http://mccann.com/,browning.com
64ea5e0afe4f979a95e9dc9a,2023-08-26T20:47:48.000Z,https://www.king-thomas.net/,garcia.org
64ea5e0afe4f979a95e9dc9b,2023-08-26T10:56:06.000Z,https://sutton.net/,gray-mullins.com
64ea5e0afe4f979a95e9dc9c,2023-08-26T22:59:46.000Z,https://hayes.com/,brown.net
64ea5e0afe4f979a95e9dc9d,2023-08-26T14:08:35.000Z,http://rodriguez-hernandez.biz/,simon.com
64ea5e0afe4f979a95e9dc9e,2023-08-26T07:02:20.000Z,https://www.dunn.org/,norris.com
64ea5e0afe4f979a95e9dc9f,2023-08-26T15:55:13.000Z,https://cole-hanson.org/,sullivan.com
64ea5e0afe4f979a95e9dca0,2023-08-26T05:25:10.000Z,http://www.jones-key.biz/,perez.com
64ea5e0afe4f979a95e9dca1,2023-08-26T14:42:50.000Z,http://www.bartlett-jones.com/,hodge.info
64ea5e0afe4f979a95e9dca2,2023-08-26T08:29:54.000Z,http://www.hodges.org/,dixon.com
64ea5e0afe4f979a95e9dca3,2023-08-26T14:44:24.000Z,https://www.french.com/,king.info
64ea5e0afe4f979a95e9dca4,2023-08-26T08:42:26.000Z,https://higgins-mooney.net/,powell.com
64ea5e0afe4f979a95e9dca5,2023-08-26T08:44:48.000Z,https://haney-thompson.com/,miranda.com
64ea5e0afe4f979a95e9dca6,2023-08-26T07:51:05.000Z,http://wall-webster.com/,davis.com
64ea5e0afe4f979a95e9dca7,2023-08-26T20:32:41.000Z,http://www.johnson-dodson.com/,monroe.com
64ea5e0afe4f979a95e9dca8,2023-08-26T15:23:40.000Z,http://www.doyle.biz/,richardson-bell.net
64ea5e0afe4f979a95e9dca9,2023-08-26T16:47:23.000Z,https://www.lucero-owens.biz/,thompson-giles.com
64ea5e0afe4f979a95e9dcaa,2023-08-26T22:36:39.000Z,https://horn.info/,gibson.com
64ea5e0afe4f979a95e9dcab,2023-08-26T17:13:38.000Z,https://moon-wall.com/,jones.com
64ea5e0afe4f979a95e9dcac,2023-08-26T19:46:17.000Z,http://hodges.com/,lee-macias.org
64ea5e0afe4f979a95e9dcad,2023-08-26T21:20:28.000Z,http://ramirez.com/,young.org
64ea5e0afe4f979a95e9dcae,2023-08-26T06:14:30.000Z,https://www.parker.net/,downs.com
64ea5e0afe4f979a95e9dcaf,2023-08-26T07:37:58.000Z,http://moore.biz/,gomez.com
64ea5e0afe4f979a95e9dcb0,2023-08-26T11:57:46.000Z,http://moran-morse.com/,walters-ruiz.com
64ea5e0afe4f979a95e9dcb1,2023-08-27T00:15:54.000Z,http://turner.com/,johnson-hartman.com
64ea5e0afe4f979a95e9dcb2,2023-08-26T15:38:10.000Z,http://mata.com/,hernandez.net
64ea5e0afe4f979a95e9dcb3,2023-08-26T11:22:32.000Z,https://www.spencer.com/,reyes-daniels.com
64ea5e0afe4f979a95e9dcb4,2023-08-26T21:16:51.000Z,http://russell.com/,clay-silva.net
64ea5e0afe4f979a95e9dcb5,2023-08-26T11:57:13.000Z,https://edwards.com/,miller-jones.com
64ea5e0afe4f979a95e9dcb6,2023-08-26T23:17:41.000Z,http://www.smith.info/,copeland.com
64ea5e0afe4f979a95e9dcb7,2023-08-26T08:37:50.000Z,https://miller.com/,morris.com
64ea5e0afe4f979a95e9dcb8,2023-08-26T09:13:18.000Z,http://www.hodge.com/,garcia.net
64ea5e0afe4f979a95e9dcb9,2023-08-26T05:08:26.000Z,https://www.martin.net/,brown.com
64ea5e0afe4f979a95e9dcba,2023-08-26T08:26:27.000Z,http://www.carson.com/,jenkins.com
64ea5e0afe4f979a95e9dcbb,2023-08-26T18:32:55.000Z,http://www.crawford.com/,fox-walker.net
64ea5e0afe4f979a95e9dcbc,2023-08-26T18:22:23.000Z,http://www.morris-jackson.net/,moreno-singleton.com
64ea5e0afe4f979a95e9dcbd,2023-08-26T04:51:03.000Z,https://wallace.com/,davis.com
64ea5e0afe4f979a95e9dcbe,2023-08-26T17:54:27.000Z,http://www.huang.net/,hunter-brooks.com
64ea5e0afe4f979a95e9dcbf,2023-08-26T12:58:51.000Z,http://weaver.biz/,meza.biz
64ea5e0afe4f979a95e9dcc0,2023-08-26T13:29:26.000Z,http://www.taylor.biz/,johnston.com
64ea5e0afe4f979a95e9dcc1,2023-08-26T07:12:46.000Z,http://www.parker-mckinney.com/,moore.net
64ea5e0afe4f979a95e9dcc2,2023-08-26T02:31:04.000Z,https://lane.com/,george.com
64ea5e0afe4f979a95e9dcc3,2023-08-26T18:53:34.000Z,http://ramos.net/,campbell.com
64ea5e0afe4f979a95e9dcc4,2023-08-26T14:06:31.000Z,http://johnson.net/,lynch.com
64ea5e0afe4f979a95e9dcc5,2023-08-26T16:58:21.000Z,http://www.smith.org/,peterson-oliver.com
64ea5e0afe4f979a95e9dcc6,2023-08-26T03:56:02.000Z,http://www.james.com/,sanchez.biz
64ea5e0afe4f979a95e9dcc7,2023-08-26T14:03:23.000Z,http://www.cruz-elliott.biz/,martin-freeman.com
64ea5e0afe4f979a95e9dcc8,2023-08-26T22:35:16.000Z,https://brown.com/,jordan.biz
64ea5e0afe4f979a95e9dcc9,2023-08-26T11:22:34.000Z,https://garcia.com/,martin-ingram.com
64ea5e0afe4f979a95e9dcca,2023-08-26T17:37:28.000Z,https://sanders-fox.com/,white.info
64ea5e0afe4f979a95e9dccb,2023-08-26T19:54:02.000Z,https://watson-price.com/,perry-barron.biz
64ea5e0afe4f979a95e9dccc,2023-08-26T22:13:36.000Z,http://www.bennett.com/,young.com
64ea5e0afe4f979a95e9dccd,2023-08-26T16:39:13.000Z,https://hartman-lee.org/,aguirre.biz
64ea5e0afe4f979a95e9dcce,2023-08-26T07:56:05.000Z,https://jarvis.net/,spears.com
64ea5e0afe4f979a95e9dccf,2023-08-26T02:57:55.000Z,https://hale.com/,becker.com
64ea5e0afe4f979a95e9dcd0,2023-08-26T04:45:57.000Z,http://www.smith-conley.com/,miller.com
64ea5e0afe4f979a95e9dcd1,2023-08-26T13:31:56.000Z,https://www.mills-bass.com/,robinson-mullins.biz
64ea5e0afe4f979a95e9dcd2,2023-08-26T12:30:53.000Z,http://patton.biz/,martin.com
64ea5e0afe4f979a95e9dcd3,2023-08-26T09:15:47.000Z,http://www.kim.com/,hatfield-perry.com
64ea5e0afe4f979a95e9dcd4,2023-08-26T17:55:16.000Z,https://www.walsh.com/,fowler.com
64ea5e0afe4f979a95e9dcd5,2023-08-26T17:32:52.000Z,https://www.lopez-houston.org/,burke.net
64ea5e0afe4f979a95e9dcd6,2023-08-26T14:57:57.000Z,https://www.clark.info/,hoffman.net
64ea5e0afe4f979a95e9dcd7,2023-08-26T03:27:24.000Z,http://www.dixon.com/,hunt.biz
64ea5e0afe4f979a95e9dcd8,2023-08-26T04:05:39.000Z,http://www.jackson.com/,bass.com
64ea5e0afe4f979a95e9dcd9,2023-08-26T08:10:29.000Z,http://rose-logan.biz/,donovan-smith.com
64ea5e0afe4f979a95e9dcda,2023-08-26T09:24:30.000Z,https://davis-stephens.com/,parks-reese.biz
64ea5e0afe4f979a95e9dcdb,2023-08-26T17:13:39.000Z,https://www.lopez.org/,freeman.com
64ea5e0afe4f979a95e9dcdc,2023-08-26T10:43:53.000Z,http://rodriguez.com/,herrera.com
64ea5e0afe4f979a95e9dcdd,2023-08-26T13:59:34.000Z,http://www.santiago-flores.info/,hernandez-barker.com
64ea5e0afe4f979a95e9dcde,2023-08-26T16:40:46.000Z,https://www.church.com/,francis.com
64ea5e0afe4f979a95e9dcdf,2023-08-26T16:03:36.000Z,https://www.harris.info/,garcia-waters.com
64ea5e0afe4f979a95e9dce0,2023-08-26T21:59:19.000Z,https://fleming.com/,cook-hernandez.com
64ea5e0afe4f979a95e9dce1,2023-08-26T08:33:24.000Z,http://wood.com/,miller.com
64ea5e0afe4f979a95e9dce2,2023-08-26T05:14:10.000Z,http://calderon.com/,sullivan.com
64ea5e0afe4f979a95e9dce3,2023-08-26T21:34:30.000Z,http://williamson.com/,thomas.com
64ea5e0afe4f979a95e9dce4,2023-08-26T08:58:02.000Z,http://duncan-mccoy.com/,vaughn-landry.com
64ea5e0afe4f979a95e9dce5,2023-08-26T13:27:32.000Z,http://chambers-willis.biz/,anderson.com
64ea5e0afe4f979a95e9dce6,2023-08-26T22:06:35.000Z,http://www.silva-medina.com/,ramirez.biz
64ea5e0afe4f979a95e9dce7,2023-08-26T19:26:45.000Z,http://www.keller-bass.info/,johnson.com
64ea5e0afe4f979a95e9dce8,2023-08-26T14:26:40.000Z,http://carlson.com/,miller.info
64ea5e0afe4f979a95e9dce9,2023-08-26T04:13:30.000Z,https://torres.net/,hampton-mills.com
64ea5e0afe4f979a95e9dcea,2023-08-26T20:12:34.000Z,https://berry.info/,carter.com
64ea5e0afe4f979a95e9dceb,2023-08-26T17:14:56.000Z,http://www.miller.com/,cohen-wells.com
64ea5e0afe4f979a95e9dcec,2023-08-26T18:45:06.000Z,https://jones.com/,burns-terry.org
64ea5e0afe4f979a95e9dced,2023-08-26T19:32:44.000Z,http://ho-allison.com/,walker.biz
64ea5e0afe4f979a95e9dcee,2023-08-26T08:01:57.000Z,http://welch.com/,ramsey.com
64ea5e0afe4f979a95e9dcef,2023-08-26T06:14:15.000Z,http://newton.com/,martin-spencer.net
64ea5e0afe4f979a95e9dcf0,2023-08-26T22:17:57.000Z,http://www.pitts-wilson.biz/,johnson.info
64ea5e0afe4f979a95e9dcf1,2023-08-26T19:06:55.000Z,https://barr-smith.com/,johnson-blackburn.com
64ea5e0afe4f979a95e9dcf2,2023-08-26T10:41:27.000Z,https://www.jones.com/,adams.org
64ea5e0afe4f979a95e9dcf3,2023-08-26T11:19:41.000Z,https://hardin.com/,perry-ellis.net
64ea5e0afe4f979a95e9dcf4,2023-08-26T17:05:16.000Z,http://www.roach-miles.com/,bryant.org
64ea5e0afe4f979a95e9dcf5,2023-08-26T06:02:59.000Z,http://www.jones.com/,rivera.com
64ea5e0afe4f979a95e9dcf6,2023-08-26T12:27:24.000Z,http://vega.org/,harrison-walton.info
64ea5e0afe4f979a95e9dcf7,2023-08-26T14:39:26.000Z,https://campbell-riley.org/,lloyd.com
64ea5e0afe4f979a95e9dcf8,2023-08-26T23:37:18.000Z,http://collins.com/,parsons.com
64ea5e0afe4f979a95e9dcf9,2023-08-26T05:20:56.000Z,https://www.vazquez.info/,trevino.com
64ea5e0afe4f979a95e9dcfa,2023-08-26T14:23:37.000Z,http://castro-rose.com/,guerrero-orozco.net
64ea5e0afe4f979a95e9dcfb,2023-08-26T01:56:56.000Z,https://www.wright.com/,taylor-ellis.biz
64ea5e0afe4f979a95e9dcfc,2023-08-26T08:00:01.000Z,http://meyer.com/,edwards.com
64ea5e0afe4f979a95e9dcfd,2023-08-27T00:02:02.000Z,http://www.marshall.net/,jenkins.com
64ea5e0afe4f979a95e9dcfe,2023-08-26T04:03:37.000Z,http://www.mccormick.com/,curry.net
64ea5e0afe4f979a95e9dcff,2023-08-26T17:31:06.000Z,https://garrison.com/,james.net
64ea5e0afe4f979a95e9dd00,2023-08-26T16:47:23.000Z,https://www.fields-caldwell.net/,calderon.org
64ea5e0afe4f979a95e9dd01,2023-08-26T06:20:29.000Z,https://delgado.net/,watson.biz
64ea5e0afe4f979a95e9dd02,2023-08-26T09:26:03.000Z,http://www.hanna-fuentes.net/,reed.com
64ea5e0afe4f979a95e9dd03,2023-08-26T07:55:35.000Z,http://www.rowland.net/,wilson.net
64ea5e0afe4f979a95e9dd04,2023-08-26T22:19:27.000Z,http://parker-lynch.com/,austin.com
64ea5e0afe4f979a95e9dd05,2023-08-26T09:21:28.000Z,https://maldonado.com/,ellis.net
64ea5e0afe4f979a95e9dd06,2023-08-26T15:03:26.000Z,http://simon-walker.info/,gordon.info
64ea5e0afe4f979a95e9dd07,2023-08-26T22:41:53.000Z,https://www.zimmerman.com/,adams.biz
64ea5e0afe4f979a95e9dd08,2023-08-26T13:02:06.000Z,http://www.thomas.com/,davis.com
64ea5e0afe4f979a95e9dd09,2023-08-26T02:19:28.000Z,https://smith.com/,parker.com
64ea5e0afe4f979a95e9dd0a,2023-08-26T09:08:10.000Z,https://www.perkins-davidson.com/,bell.com
64ea5e0afe4f979a95e9dd0b,2023-08-26T21:59:37.000Z,http://owen.biz/,schaefer-lynch.com
64ea5e0afe4f979a95e9dd0c,2023-08-26T06:50:17.000Z,https://www.gonzalez.com/,cooper-chang.com
64ea5e0afe4f979a95e9dd0d,2023-08-26T16:11:07.000Z,http://www.clarke.com/,wilkinson-bishop.biz
64ea5e0afe4f979a95e9dd0e,2023-08-26T03:08:33.000Z,https://www.green-campbell.com/,holloway.net
64ea5e0afe4f979a95e9dd0f,2023-08-26T22:45:48.000Z,https://www.park-smith.com/,barber.net
64ea5e0afe4f979a95e9dd10,2023-08-26T12:50:16.000Z,https://www.allen.com/,sullivan.com
64ea5e0afe4f979a95e9dd11,2023-08-26T06:17:11.000Z,https://www.stevens.com/,moreno-powers.biz
64ea5e0afe4f979a95e9dd12,2023-08-26T19:46:39.000Z,https://www.young-ortiz.net/,williams-moreno.org
64ea5e0afe4f979a95e9dd13,2023-08-26T11:48:39.000Z,http://taylor.com/,rivas-vega.com
64ea5e0afe4f979a95e9dd14,2023-08-26T20:31:59.000Z,https://www.anderson.net/,phillips.com
64ea5e0afe4f979a95e9dd15,2023-08-26T03:26:37.000Z,http://www.powell.biz/,thomas.org
64ea5e0afe4f979a95e9dd16,2023-08-26T06:43:58.000Z,https://jackson.com/,benitez.biz
64ea5e0afe4f979a95e9dd17,2023-08-26T02:19:24.000Z,https://lopez.net/,ritter.com
64ea5e0afe4f979a95e9dd18,2023-08-26T21:41:00.000Z,http://www.may-harmon.com/,kramer.com
64ea5e0afe4f979a95e9dd19,2023-08-26T12:07:03.000Z,http://www.mcneil-curry.info/,hale.info
64ea5e0afe4f979a95e9dd1a,2023-08-26T23:25:04.000Z,https://lam.com/,rice-davis.com
64ea5e0afe4f979a95e9dd1b,2023-08-26T07:53:36.000Z,http://king.biz/,grant.com
64ea5e0afe4f979a95e9dd1c,2023-08-26T17:15:45.000Z,http://www.moore-davenport.biz/,lopez.com
64ea5e0afe4f979a95e9dd1d,2023-08-26T12:09:46.000Z,http://www.pruitt-sutton.biz/,reyes-ortiz.org
64ea5e0afe4f979a95e9dd1e,2023-08-26T05:22:39.000Z,https://www.hoffman.biz/,powers-lucero.com
64ea5e0afe4f979a95e9dd1f,2023-08-26T20:19:13.000Z,https://www.tyler-abbott.com/,king-walters.com
64ea5e0afe4f979a95e9dd20,2023-08-26T15:25:51.000Z,https://www.williams.com/,mcdonald.com
64ea5e0afe4f979a95e9dd21,2023-08-26T11:02:08.000Z,https://sanchez-brown.biz/,rodgers.com
64ea5e0afe4f979a95e9dd22,2023-08-26T18:34:17.000Z,https://www.thomas.com/,reese-green.net
64ea5e0afe4f979a95e9dd23,2023-08-26T10:26:54.000Z,http://hamilton.com/,garcia-martinez.biz
64ea5e0afe4f979a95e9dd24,2023-08-26T06:13:37.000Z,https://www.garcia.com/,murray.biz
64ea5e0afe4f979a95e9dd25,2023-08-26T12:34:27.000Z,http://www.brown.org/,taylor-gonzales.net
64ea5e0afe4f979a95e9dd26,2023-08-26T18:01:36.000Z,http://www.booth.info/,whitaker-tucker.com
64ea5e0afe4f979a95e9dd27,2023-08-26T02:23:32.000Z,http://garcia.com/,brown-hill.info
64ea5e0afe4f979a95e9dd28,2023-08-26T02:59:21.000Z,https://smith-andrews.com/,thomas-rice.net
64ea5e0afe4f979a95e9dd29,2023-08-26T11:11:20.000Z,http://marquez.org/,kirby-williams.net
64ea5e0afe4f979a95e9dd2a,2023-08-26T06:46:19.000Z,http://juarez.org/,morgan.info
64ea5e0afe4f979a95e9dd2b,2023-08-26T13:14:13.000Z,https://walsh-evans.net/,durham.com
64ea5e0afe4f979a95e9dd2c,2023-08-26T02:04:58.000Z,https://www.paul.com/,anderson.biz
64ea5e0afe4f979a95e9dd2d,2023-08-26T05:38:59.000Z,https://carson-rich.com/,burgess-williams.com
64ea5e0afe4f979a95e9dd2e,2023-08-26T22:51:22.000Z,https://www.sanford.net/,johnson.com
64ea5e0afe4f979a95e9dd2f,2023-08-26T11:15:33.000Z,http://hurst.org/,edwards-bradley.com
64ea5e0afe4f979a95e9dd30,2023-08-26T12:10:25.000Z,https://fox-mcgrath.biz/,lopez.com
