_id,Review ID,Customer ID,Product ID,Rating,Text,Timestamp
64ea5e09fe4f979a95e9d9fb,66eb4562-5f52-4638-9458-253e2481a844,2e9e3b51-e47d-47c1-bfc8-e154cd4c2d82,P0170,4,Smile church unit collection finish. Section even form article light like dark.,2022-11-30T15:19:19.000Z
64ea5e09fe4f979a95e9d9fc,9b13cd35-7e39-4bb1-9706-fdefa8243f19,4795a041-230b-4e9b-b69c-cfcace82e0be,P0121,3,South whether board approach card party deep. Coach bring color no near. Course call form business. Image foot quite husband national become.,2023-01-30T16:25:06.000Z
64ea5e09fe4f979a95e9d9fd,2f36f286-1bb6-4a5b-922d-791688e501e6,546d4a62-5521-4e23-9516-b83e27fd8064,P0295,3,Beyond recently why individual attorney experience. Song truth real senior subject laugh. Rule offer medical blue answer pretty than.,2023-05-04T17:47:19.000Z
64ea5e09fe4f979a95e9d9fe,d10a553f-1d73-4177-b787-8d29b3da535d,000f48bc-9846-4dda-98b4-6d32c85604d2,P0194,3,Suffer today what have opportunity. Long exactly it.,2022-10-17T03:54:28.000Z
64ea5e09fe4f979a95e9d9ff,7d943f9b-8949-45e1-b7d3-6d7497509c19,1c4d187f-4ab7-4fcd-8f0d-efe6c25e507c,P0161,4,Social risk surface official night girl energy. Represent test wonder agency light agreement. Chair analysis visit life full.,2023-06-01T17:41:16.000Z
64ea5e09fe4f979a95e9da00,f21fb596-e70a-4a75-b2db-6d99878cc242,ada0a17f-d543-405a-a360-0987af89250a,P0167,5,Store federal simple buy technology. Material speak company over any. Subject be true true news point poor.,2023-06-21T07:35:19.000Z
64ea5e09fe4f979a95e9da01,1375f12e-d19c-4835-87b3-1a4878149192,4de6e9f2-338d-493c-86a1-e5783f7dd01d,P0412,5,Treat newspaper area if. Anyone mouth prepare prevent successful or main.,2022-12-18T06:43:59.000Z
64ea5e09fe4f979a95e9da02,2bba5f78-f7de-4c59-833f-855b1ff5adca,e55f58e1-c3a0-46e0-aba6-fcc7bd2d8f62,P0104,5,Democrat discover everything final firm hand. Much guy these time really he. Hand religious gun car mission reason together.,2022-12-27T20:14:26.000Z
64ea5e09fe4f979a95e9da03,b505f673-30ca-49d6-8b8c-86acf77f5dd9,d31747c5-44f0-4f99-9827-e9c5afcda3ff,P0107,5,Culture foot change alone. Administration never executive seven across.,2022-10-26T19:19:37.000Z
64ea5e09fe4f979a95e9da04,428a8921-3437-4a94-873e-1965704aa756,b14c1c04-4bbe-4f36-bd20-e0c16a02767a,P0426,5,A nice experience something summer wait rate. Month not myself service arm know effort.,2023-05-19T00:50:57.000Z
64ea5e09fe4f979a95e9da05,7cf58bcc-c042-4958-a06c-9c238ec3fda3,1e6a9d84-9a62-4ef9-a2e8-e48c20260ece,P0175,5,Present whether common feel common second. Speak toward such travel explain hotel.,2022-11-25T22:46:21.000Z
64ea5e09fe4f979a95e9da06,01c97c12-831e-448d-aef1-9c2fe5c4624f,11a8f2b4-3853-4071-a852-4d8e86a03a3b,P0319,1,To stay page animal deep night believe. Each child phone pay project in. Get story next despite sense.,2022-10-15T02:03:42.000Z
64ea5e09fe4f979a95e9da07,391d2a53-861f-46d9-a96f-348e15b588a7,b3da1c08-3aea-4389-a9da-02460ec450bc,P0279,3,Wrong smile yeah. Whole specific democratic born very friend continue.,2023-01-11T12:24:24.000Z
64ea5e09fe4f979a95e9da08,2cd637d2-1aa0-4bf7-8169-227eda4ba736,e24f8bef-dabb-4d4b-8933-b4dd387bd598,P0107,2,Mean chance determine control sometimes. Trip finish hair he stock yes. Hot away service just shoulder rather whatever glass.,2023-04-02T16:04:50.000Z
64ea5e09fe4f979a95e9da09,268b652c-5e69-4250-b8cc-695433deee93,d6e1465a-cd3f-4e72-bc9d-c1e11d1f1f13,P0032,2,Add her cold section. Activity follow market. Save president authority who.,2022-11-20T14:49:34.000Z
64ea5e09fe4f979a95e9da0a,a9fd714d-15e0-4372-9208-63debd9116cb,7ca09946-f747-442f-a734-9c8eb424f338,P0099,4,Important group suddenly foot international century. Program truth although decide air debate foreign him. Prevent anything beautiful media where often manager.,2023-08-13T20:07:45.000Z
64ea5e09fe4f979a95e9da0b,b1b84772-690a-48fa-a0f6-715f6d5eee3c,d94393aa-139f-4a49-86ab-03d2d44b497d,P0341,4,Claim mean owner build pretty success show thus. Because collection beautiful bed. Money about product for speak.,2023-05-21T19:15:03.000Z
64ea5e09fe4f979a95e9da0c,85cbb4d1-ba89-4c8f-8016-500c255eb483,7a57149d-8397-4def-9827-af14e502cfdd,P0085,4,Which level nation toward company affect concern relationship.,2023-03-16T17:22:43.000Z
64ea5e09fe4f979a95e9da0d,d662dcda-c3af-40d2-9aff-c6c9a32746da,d80e959d-a5a9-44d6-a7aa-7cd4479b51da,P0472,2,Race effect day that television center most.,2022-11-30T22:03:47.000Z
64ea5e09fe4f979a95e9da0e,7f3f6f5b-80d7-4927-88d3-b172a8058dc1,c87e3320-65c4-4a98-9aa4-847dfdedd4bc,P0186,5,Single during wind blue bed former. Adult debate fine scene begin economic.,2023-01-25T00:45:52.000Z
64ea5e09fe4f979a95e9da0f,fff74638-24f6-411c-800f-60d1fee0677e,b2a54c0e-ea3e-4110-8f24-bed08f88e06a,P0071,1,System leader usually human true carry woman bag. Short attack painting as. Indicate deal reveal eight modern to important.,2022-09-25T13:17:45.000Z
64ea5e09fe4f979a95e9da10,48c7258b-1cb1-48c3-984a-8c73320315b2,fc909526-d83f-4205-9472-84a3f8f45da8,P0219,3,Investment authority bit throughout you indicate activity. Government we require stand three. Management fall word like trade account.,2023-06-27T08:31:56.000Z
64ea5e09fe4f979a95e9da11,bbc8bdb4-680a-4761-8457-cd3877c8f988,cdd6754b-491e-4d98-98dd-5b6304303f0e,P0006,1,Pm know program however interview world by public.,2023-04-23T07:21:16.000Z
64ea5e09fe4f979a95e9da12,0b88f229-7d5d-45e2-82b0-15dc50978d8f,eb0a6c9a-e3eb-4ea0-bd99-ab9345b718f2,P0072,5,Money education ten those red. Policy doctor financial behind within involve.,2022-10-19T10:22:54.000Z
64ea5e09fe4f979a95e9da13,a446a59e-92db-4214-99f2-dfc92c90a16a,09c23bd3-83f8-460d-833e-3521a3e2ace5,P0176,4,Stand new term safe. Technology three born upon herself response piece.,2023-05-07T16:35:18.000Z
64ea5e09fe4f979a95e9da14,77e9f0a8-9ae2-44cc-9920-c3dfac865f43,a8a555e1-72fe-43b8-ad91-cbf141016273,P0086,3,Animal which to. Expect receive treatment manage trouble last theory. Group imagine democratic key whom could social.,2022-11-01T22:43:18.000Z
64ea5e09fe4f979a95e9da15,2c0c2127-903f-4d20-9e08-130838e3ddcb,dcf44409-935d-4818-bbe9-8d9e86efc43a,P0388,5,Seek agree explain score visit decade through. Market forget student front camera appear. Sort claim cut business agreement message area. Son top challenge.,2023-04-21T16:26:45.000Z
64ea5e09fe4f979a95e9da16,929334b5-aef9-4029-af07-7e7e11b61bb0,976eaf10-ee0d-458e-b647-3b95a0ea5422,P0052,4,Fast have between. Focus kid three your within wish wrong.,2022-08-29T01:34:06.000Z
64ea5e09fe4f979a95e9da17,b5d57126-71b8-4f7f-9bde-7f1f04322f82,d3dbc34b-b5c3-41a6-b446-5d5f67ccd3f8,P0115,1,Protect fly pattern remain natural leader describe. Daughter seem scientist public evening national here. Marriage information interview edge right television worry. Baby worker its catch operation right society.,2022-11-02T11:52:31.000Z
64ea5e09fe4f979a95e9da18,ae79da2d-1bf7-4fe7-aea6-a203086c8fed,49bc96cf-f888-4712-8454-42873d9e8725,P0393,1,Party discuss organization ready try economy. Same money age cell star. Blood general approach town main.,2022-08-30T08:54:12.000Z
64ea5e09fe4f979a95e9da19,3de00f1d-e02c-4ccc-b634-d4003013d77c,5cacfc1a-79f8-4605-bf12-4c8a81090c5b,P0050,1,Lawyer fund data. Back head new poor huge. Join impact quite cup of idea kitchen few.,2023-05-19T14:44:05.000Z
64ea5e09fe4f979a95e9da1a,ead042f9-e10f-4cf6-922e-ab18359bb094,bdfaeda8-cc51-4935-ba30-340cab45da95,P0216,1,When young improve unit. Still election image meet. Few claim power military federal cold. Meet quality anything cultural result memory woman maintain.,2023-05-18T09:13:50.000Z
64ea5e09fe4f979a95e9da1b,8f6fcc4e-0e4a-49ee-953f-8c9a0ae29d08,57140d5a-f48f-4471-b9bf-fb51aea76bfe,P0244,5,Direction play middle. Camera no theory pull anyone pass. Result why bed after whom produce.,2023-05-30T21:46:36.000Z
64ea5e09fe4f979a95e9da1c,6781c4ab-2d11-4694-8744-8381acd1548c,3594805a-a8a7-4114-8767-25de6b4e8771,P0231,1,Former foreign detail message surface. Alone step per individual. Language red born test.,2022-09-25T18:38:28.000Z
64ea5e09fe4f979a95e9da1d,3d10ceb3-d4c9-4132-9802-31e424111b43,0f08c37a-87e9-4da3-b4e6-d3630adb912f,P0372,4,Drive share goal technology organization rest oil young. Century nation recognize family. He true unit herself brother receive operation.,2023-06-29T10:08:08.000Z
64ea5e09fe4f979a95e9da1e,058509aa-d78d-4493-8499-a17aa04be120,a0add899-c57c-44a8-a38a-f5c44d0e0888,P0074,2,Policy action during common assume natural clearly. Imagine move hope during in someone.,2023-01-10T21:51:25.000Z
64ea5e09fe4f979a95e9da1f,74c29cee-b595-431d-8860-bbf02564505f,e6dbb274-a262-4a92-ba85-003c86cf8fc3,P0181,3,Pull money claim probably hot number. Tv everybody why position despite attention. Former hair most war a occur age. Within travel source not type those by reveal.,2022-10-17T17:42:07.000Z
64ea5e09fe4f979a95e9da20,866040d7-11f6-471a-a09c-5bc8a323428a,c271a43e-14a0-4ac2-b047-7b1ccfc77e47,P0420,4,Draw teacher smile fire during such. Player choice whatever suffer light rock. Piece evidence can around step better.,2023-08-11T01:51:43.000Z
64ea5e09fe4f979a95e9da21,c1dd2bbf-6498-42dc-9800-d2371984cf0a,292d153f-109c-429c-b848-be46dea2ec83,P0144,4,Myself there owner arm administration effect senior model. Player fact add audience particularly Republican more.,2023-05-18T04:53:26.000Z
64ea5e09fe4f979a95e9da22,627bc296-495b-4038-bcaf-3daa3c263020,ad191d96-1440-49a4-b637-528e81888e6e,P0127,1,Key rock people suddenly herself son beautiful. Great matter per. Eye unit economic like feeling argue somebody future.,2023-06-21T12:01:02.000Z
64ea5e09fe4f979a95e9da23,843b0bf0-1b0e-43fa-bf03-6992767f9a16,d620b65e-d5a4-48ab-86c3-9de0f0718832,P0200,5,Soon friend key interesting page difference. Around develop learn knowledge action. Agent traditional contain.,2023-03-05T07:34:36.000Z
64ea5e09fe4f979a95e9da24,9c0f3a7e-bfa8-4d56-ac0b-4b43261e56fb,977fd04e-bcbb-4aa5-b497-ded5c60322d4,P0252,4,Him guy player American lot. Hope agent purpose picture life month. Every list scene public various any.,2022-11-04T00:59:32.000Z
64ea5e09fe4f979a95e9da25,797fc16d-f062-41c5-bb06-9720f6b4cdd1,48a67eb6-be6f-46de-8d17-b2e5162dd300,P0007,2,Control remember possible them. Travel middle firm reality gas less skill.,2023-01-14T21:48:32.000Z
64ea5e09fe4f979a95e9da26,eacc8d55-abef-42aa-8bce-812c6c5021ec,96296fef-2181-4e7c-a30e-09c2f91af146,P0485,5,His forget north stock arrive leg. Start much leg southern approach though word economic.,2023-02-08T17:17:45.000Z
64ea5e09fe4f979a95e9da27,c8db661e-067a-481d-bb12-d64a3d7f7d4e,63cdab02-1c45-44ee-a0e5-2e95b068574a,P0049,4,Same purpose right artist officer. Task music grow peace Congress beautiful maybe. See guess lead near inside artist hot.,2022-11-06T12:55:55.000Z
64ea5e09fe4f979a95e9da28,733f21e4-9add-484f-8be7-aea765dffc84,4207b9b6-c770-4a78-810b-23cda09142c3,P0357,4,Likely card effort media option call it then. Front whether young nation company those shake dog.,2023-03-23T23:08:46.000Z
64ea5e09fe4f979a95e9da29,1e8e6d27-2baa-4101-8adb-b330c5f62b92,57e873f7-d436-40bb-be4f-4de633ed17a7,P0402,4,Most public support true public keep member. Believe nearly pass note PM. Begin system claim boy think suffer.,2022-10-16T06:43:55.000Z
64ea5e09fe4f979a95e9da2a,99f9cbcf-1926-4b01-a184-705e0084e0c4,162ff6de-f85e-4f08-a7b0-62300dc0f181,P0023,2,Let boy under argue heavy level. My few tough course.,2023-06-16T06:57:30.000Z
64ea5e09fe4f979a95e9da2b,2bd76e76-7436-448e-9c0d-0bf3d4e628dc,4f8dc076-2708-4bdd-b9ef-da915c565bf2,P0437,4,Network boy to own skin alone. Note part already indeed senior. Above you bad accept or throw.,2023-01-26T08:38:11.000Z
64ea5e09fe4f979a95e9da2c,4a3d7fa2-72de-44cf-bc55-dbbeb12c850d,dad1e018-f4f8-4c6c-8308-80cfebf221d5,P0301,3,Friend hear near standard require conference. Production Mrs writer month movie artist often.,2023-03-08T13:54:10.000Z
64ea5e09fe4f979a95e9da2d,e69536e6-d6dc-430f-839e-d81a8cf7d403,3f6340a5-1c2f-4ca9-aee6-4630b70aef03,P0422,3,Management well thus physical color responsibility behind. Store around environment nor political outside give.,2023-04-15T15:08:39.000Z
64ea5e09fe4f979a95e9da2e,3d1cd0f0-d8bb-40cf-ab18-e380853373ed,1f3ef1cd-3325-42e8-8f1c-1df09b19f707,P0240,1,Bring him anything black laugh city know speech. Although coach seven walk work. Likely attorney nation action.,2022-08-31T08:28:39.000Z
64ea5e09fe4f979a95e9da2f,4252f71f-04a0-4aa8-bd29-5aaae71caecf,8df931d5-7690-4917-9edc-504f1186c290,P0068,1,Rather way throughout put. Must trouble remember draw. Law power responsibility.,2022-09-19T03:01:54.000Z
64ea5e09fe4f979a95e9da30,3b271d8e-6e9a-4003-955a-bdc5d0c6ec27,cb4c2e77-8afc-4a83-9a0a-faa751f5f996,P0138,5,Technology him hotel season nearly. Business situation your small describe. Owner positive movie subject.,2022-12-09T08:13:20.000Z
64ea5e09fe4f979a95e9da31,9793c8f4-2715-443c-8e0d-275ffcd6979f,7e41bc69-f123-4f45-957b-33d0fbd3961b,P0110,1,Actually right maybe couple recognize. Something friend system least western. Moment world religious daughter center son.,2023-05-20T02:25:49.000Z
64ea5e09fe4f979a95e9da32,9d8a52aa-d5a6-44f5-a836-6db7e9356ff8,af89c69c-09ca-46c3-a1d0-8a18388a81a7,P0108,2,Work set animal baby. Turn bill during what site. Indicate past receive bring former.,2022-10-04T13:01:39.000Z
64ea5e09fe4f979a95e9da33,367efdde-6b70-438f-8354-0da3b79cef26,6a28a8a8-ad53-4bdb-88e8-01fb2fd48302,P0362,4,Challenge organization television read. Help indicate represent wait everyone brother institution prepare.,2022-10-02T06:53:13.000Z
64ea5e09fe4f979a95e9da34,18565c1f-d3e2-4838-b6a5-8c2cab53fdc1,56c3a333-1bcc-416f-b556-64a66ffd21be,P0344,4,Bank play brother eye more low give. Fast simply program anyone.,2022-10-19T03:50:46.000Z
64ea5e09fe4f979a95e9da35,3945e1ec-4f82-4448-8e10-bb6388db3188,a3e0b1e8-deb3-4a01-a4a0-66f7ec0e1ba3,P0147,4,Recently difficult inside us scientist or military.,2023-05-14T03:52:24.000Z
64ea5e09fe4f979a95e9da36,56f1f9fe-801b-4d6c-8601-bdbe5439b603,b57313a9-3f08-4acb-8024-783b6b70a0cc,P0418,3,Single care force piece million officer. Say serious happy political tough consumer democratic order. Gun brother recent already. Sport bit fill western wall process.,2023-05-14T19:06:55.000Z
64ea5e09fe4f979a95e9da37,41f8a23c-80cb-4b05-8d98-77e40907efe6,984e78ce-8414-48b0-8fbf-105e05e5b988,P0332,4,Couple difficult issue party drive anyone capital. Least step doctor realize meet mind glass.,2022-10-23T09:02:23.000Z
64ea5e09fe4f979a95e9da38,9d38ca36-cf36-4ce3-b6fc-176644c54771,1d56aa08-9fdd-4c44-b2c9-52e1ef198cf6,P0151,2,Listen everybody light speak hot laugh. Type probably fight structure model.,2023-06-15T15:17:28.000Z
64ea5e09fe4f979a95e9da39,935c801d-19cb-4ab9-849e-88377082a327,0be713b6-a62b-4450-bf08-294422538d5b,P0177,3,Question know goal street southern. Suddenly indicate bag half age base.,2022-11-23T04:03:48.000Z
64ea5e09fe4f979a95e9da3a,bfec544e-4f76-42c3-b75d-affdd5879b37,aa57d2f2-4278-4f6a-a503-5425ca2b5802,P0104,5,City next cover themselves player while significant.,2022-11-17T05:33:15.000Z
64ea5e09fe4f979a95e9da3b,6b828b61-e80e-4a2b-8fc0-75235bd2009a,e71ff48d-ad3f-4583-89ab-62fef98adfdb,P0078,2,Human turn blue month hotel situation. Law rock read tough. Our admit hit force. Us former matter mean by himself debate.,2023-07-25T14:33:14.000Z
64ea5e09fe4f979a95e9da3c,88010f27-124f-4706-b43f-0c3416fa54eb,6c3c32c7-cb7e-404a-8f18-d7e198aeb513,P0145,1,Young because hit focus affect play degree. Develop series affect guess analysis. Price later body hope person forget face.,2022-11-23T08:45:51.000Z
64ea5e09fe4f979a95e9da3d,696f15e5-d9ec-4088-b50d-8b3ebcff3437,ae4157af-7a97-4b9f-9819-2920f5c61feb,P0499,1,Would I record value project officer. Worker score serious send charge instead positive. Long choice expect it.,2022-08-28T08:18:34.000Z
64ea5e09fe4f979a95e9da3e,570ea072-8d9e-40f6-876a-3651fe5ed857,3b6f7473-f988-45e0-8ad4-b48cfecf67ec,P0458,4,Happen enough line ever listen total commercial. List fact close town how.,2022-09-29T14:47:59.000Z
64ea5e09fe4f979a95e9da3f,d9e50e06-650f-4945-96d8-51a6845b68a7,03203a69-b98e-4f87-aff1-128e4901daa6,P0437,2,Source contain guy. Unit similar concern its raise fund page. If seat type a cultural lead.,2022-12-28T23:50:21.000Z
64ea5e09fe4f979a95e9da40,533d3de0-27b5-4765-ade4-db3db9705675,070c5ef8-deed-409f-8c07-879d864820d4,P0133,2,Employee have lawyer fund town. Treatment hear cold walk possible important.,2023-01-15T04:32:02.000Z
64ea5e09fe4f979a95e9da41,073bbaaa-5e2c-4634-aaa5-d49d28e66b51,1c4d187f-4ab7-4fcd-8f0d-efe6c25e507c,P0452,3,Keep administration over outside factor. Teach move miss economy lawyer media.,2022-10-09T18:46:49.000Z
64ea5e09fe4f979a95e9da42,5e1d958f-2873-4850-8ea5-f2b7813e4a5f,bd10ff5c-635c-4077-8cda-5cb87cacf83a,P0111,1,Successful site no consider ever. Daughter have themselves develop yourself.,2022-10-04T16:17:42.000Z
64ea5e09fe4f979a95e9da43,162ab283-de44-4272-b252-d62da121e8d3,47de0fa1-aa53-49f1-bc87-7cd3fae83611,P0401,4,Development money type similar actually. Town hot among specific. He realize ago space.,2023-02-07T14:38:07.000Z
64ea5e09fe4f979a95e9da44,b3cdaebb-c12a-45d8-9736-434d21f69f5f,ae84ed4c-42a9-4712-ba7e-42fe35e62cc6,P0446,1,Note new reflect. Risk every sort other attack.,2023-07-22T09:42:51.000Z
64ea5e09fe4f979a95e9da45,6ac6327b-dad8-4f8e-a638-b1bb74315b0d,29cb8c46-8ff7-4687-b4e9-87c0c8a672f2,P0400,1,Sit more change. Compare look water future especially coach again. Spend dinner suddenly fish during public.,2022-09-05T09:16:27.000Z
64ea5e09fe4f979a95e9da46,056f1787-d349-4e8a-887d-b8795724f452,7ba937f8-a226-4044-9c34-3af4a55c7732,P0160,1,Author thus region only maintain star realize. Carry health arrive source trip. Example whatever individual appear strong.,2023-06-21T01:36:17.000Z
64ea5e09fe4f979a95e9da47,d4174044-f653-4ff5-881b-9f4ec2b6ba6a,0c175c7d-f7a6-4d01-abc6-a192fa291211,P0453,3,Year well recently far answer toward. Customer away blue attack radio.,2022-09-17T11:12:59.000Z
64ea5e09fe4f979a95e9da48,f28277ec-cb55-47d4-ba58-b21f87286c84,1eeb78d5-0be4-405e-a1ea-a200f856c373,P0341,3,Compare fight military political expert memory medical listen. Begin company student eye station tonight political. The man action government claim final.,2023-04-30T13:34:01.000Z
64ea5e09fe4f979a95e9da49,3fece266-f7b3-4bc3-8b2f-4fc91984ff75,2f7fcc92-7f73-49af-946b-5699fd0ffb2d,P0392,5,Certainly be interview forward option then. Stay down always matter pass discussion. Purpose trial now half.,2022-12-29T16:56:02.000Z
64ea5e09fe4f979a95e9da4a,cf9be15a-dd4c-4f9f-bf76-40d66487b5b1,da67be0b-5a2c-4f52-a7db-b780c15c5c09,P0134,5,Forget product perform home special officer. Course that such career hair just clearly.,2023-01-29T14:57:46.000Z
64ea5e09fe4f979a95e9da4b,736cc8a8-6b4a-44c5-88aa-21602a2bb598,77785604-a91e-4d76-b4de-ff7d6e466544,P0181,1,Reveal PM artist. Science century ten well.,2023-04-11T00:28:36.000Z
64ea5e09fe4f979a95e9da4c,b643df32-c87d-4eac-b85c-1bd49a198cbb,95a65689-a20a-4901-ae56-a0f379dd3394,P0343,5,Test pay wife enter. Learn place opportunity station.,2023-04-16T06:02:07.000Z
64ea5e09fe4f979a95e9da4d,84cdc0aa-70b6-4e47-a08a-6e059f1ff3b6,c5bbea5d-c6e4-421b-a6ff-f2eb73eac1af,P0490,3,Another street PM play piece open decade.,2023-03-01T19:39:20.000Z
64ea5e09fe4f979a95e9da4e,27c5edd9-308b-49f5-8d55-ad9cee94b054,fc1258f7-ab59-41dd-8e12-7cb8b4528852,P0177,4,Off measure trade analysis idea stand Democrat. Similar care area quickly to leader hundred. Some attorney many debate trial consumer history.,2023-04-26T22:09:49.000Z
64ea5e09fe4f979a95e9da4f,bd720469-6c74-479f-892b-6b038dc0eacf,9f5095b8-55c6-4252-a92a-33d8701ff931,P0024,4,Million view hand realize. Throw book drop newspaper life receive.,2022-11-17T23:58:12.000Z
64ea5e09fe4f979a95e9da50,0de71b46-dd87-4da8-83b5-179f1b5175a5,07507491-2aec-4b80-886f-ae60e54563b6,P0259,5,Generation treatment quite rule trouble. Cost point oil movie people main point marriage. Prepare white decade different list professional.,2023-05-04T07:50:28.000Z
64ea5e09fe4f979a95e9da51,937deb55-896a-438a-90ea-bd0f3921e301,1e238dd9-7e1a-47ae-9c31-eac28db74313,P0180,3,Relate Republican a participant guy hit feel. Whom night individual.,2023-02-15T04:00:11.000Z
64ea5e09fe4f979a95e9da52,6f4cba8e-8f05-4325-b60a-e8f2563b0f91,87bc73b9-6471-4c2e-a797-9f2b3fc9ad91,P0363,5,Fight common the economic arm. All nothing single image down.,2022-12-26T15:24:12.000Z
64ea5e09fe4f979a95e9da53,32b61b34-8433-43e3-b77c-ffc3939be7b2,0d75ae5c-2c3b-414a-8a23-f7853f706ecf,P0465,4,Draw reality example college floor audience area. Property including home statement ground.,2022-12-26T04:18:52.000Z
64ea5e09fe4f979a95e9da54,b2357c55-9327-45e6-a2cb-e23288a263cf,0ef72a9e-be1b-46e4-a2db-076de57dc03c,P0105,3,Case cover fall brother take well participant. Five summer far view eye. Company research feeling allow.,2022-12-06T12:29:17.000Z
64ea5e09fe4f979a95e9da55,29309868-3432-44e1-a69c-3de3763f88ad,439642f1-17c8-4b5b-be94-e00533e3791e,P0481,5,Test free sea night. Religious officer talk laugh attention western. Yard dark past structure while wear office.,2023-02-11T14:44:52.000Z
64ea5e09fe4f979a95e9da56,5c7df4a1-bb16-4945-9ff1-7234d847c3c8,7a97a485-8d2d-4e99-a0e4-251fdce31410,P0132,5,Surface nice next play move low. Box operation citizen job chance majority.,2022-11-05T04:45:08.000Z
64ea5e09fe4f979a95e9da57,c27469d1-c11f-4786-9de6-1a611e33b4d4,fe06c967-8461-43cf-8a40-950049a8c7e4,P0389,4,Police cover let face fear best worry themselves. Involve herself tree special follow way long price. Size performance culture project might at man part.,2023-02-03T20:11:25.000Z
64ea5e09fe4f979a95e9da58,20585f2c-5e8f-48bb-b372-e969d38a2e5e,92f7cacd-7210-468a-b47f-949a2555ad90,P0305,3,Write investment lay feeling gas begin mention. Hair figure little science debate final too. Seven lot my marriage population day.,2023-06-05T19:49:09.000Z
64ea5e09fe4f979a95e9da59,33b25257-b5d6-4714-8c76-5e0bb173906f,fb24ab11-4716-40e5-a85e-daeb487566cf,P0411,4,Discuss get run boy character order set. Board if mouth window.,2023-07-29T05:07:11.000Z
64ea5e09fe4f979a95e9da5a,2b968128-c2b1-4cf3-8aac-8d9458da116e,7500abfd-ce74-4662-9555-5c84765ad778,P0440,4,Dark continue it fine defense. Her state example piece something month whatever.,2022-09-18T22:46:34.000Z
64ea5e09fe4f979a95e9da5b,693e911c-6e3f-4e28-b9ff-ffda2c7fbff9,01721ecb-ef7f-4820-ae47-bf70da391b5a,P0035,1,Little high along race and sense. Market social choice feeling every chance today.,2022-10-28T14:55:30.000Z
64ea5e09fe4f979a95e9da5c,8ca7cf1a-5604-448a-9698-2a5d07d947fb,53d2e8b7-37f3-4540-8f31-63db5e3c1470,P0402,1,Form our heavy catch ok throughout. Customer TV subject professional water sound. Move task soldier level course.,2023-04-14T03:59:41.000Z
64ea5e09fe4f979a95e9da5d,77bb29af-0f34-495c-86b7-ae286bbddf4b,27a7cc4d-6def-490e-9f16-a8e3cd47108c,P0239,3,Past involve talk mission. Green receive assume which lot financial mission. Material bring decade.,2023-03-18T09:31:54.000Z
64ea5e09fe4f979a95e9da5e,a4e692a6-c707-47ff-9be6-9ac7b4879ee1,42237180-d5de-4892-92cb-9db615fdd4e9,P0236,1,Than eye ever spring teach whatever daughter. Laugh much six together.,2023-03-07T12:50:58.000Z
64ea5e09fe4f979a95e9da5f,54eec9dd-5f0a-4e36-8e8a-b6064a77707f,569d63fa-56b6-4ce5-9227-b04f1c21d597,P0093,5,This ask price professor. Final gas defense change yard two whole.,2023-07-19T20:50:03.000Z
64ea5e09fe4f979a95e9da60,aa34926c-5054-469e-bb11-ee0ecfb7cbab,7a090fab-906a-4b45-9ff6-670099bf3e22,P0295,1,Sea compare size but inside seem. Or management special work happen especially.,2023-03-01T20:55:47.000Z
64ea5e09fe4f979a95e9da61,d3a898c9-5724-4d78-a2a4-1d1ef1ef9eb2,93ee1c14-986f-4ef1-8f35-3701241e7bfd,P0398,1,Grow job stop sound.,2023-02-19T21:56:35.000Z
64ea5e09fe4f979a95e9da62,49a86554-ec11-4fa9-bddc-372061e000ad,038f6fe4-752d-4dac-a675-2ee1d9696d34,P0143,2,Short west move.,2022-09-21T16:12:36.000Z
64ea5e09fe4f979a95e9da63,91cc7ab7-5dab-45a4-ba9e-4362ffe2fae3,585e500b-da71-4637-b30f-bb85683ba35c,P0393,3,Data stock garden decide security. Television maintain certain college college now by. Around Mr hotel who wear computer bed.,2023-06-16T18:47:58.000Z
64ea5e09fe4f979a95e9da64,b862294d-f0e5-4040-a9e9-a1422305013d,2ff25ebe-b18d-42e4-8d1b-c50d154739b3,P0446,1,Street Republican car prepare share account. Recently would adult understand agree.,2023-05-28T11:33:50.000Z
64ea5e09fe4f979a95e9da65,1be6f386-d36e-4851-b9b1-e92b4b9c7517,e95e4037-1133-4af3-85a3-4a1af7f75e3d,P0121,4,Share each moment pressure option method. Raise happen break push laugh back parent small. Her Mrs notice audience might whatever.,2023-03-06T10:59:46.000Z
64ea5e09fe4f979a95e9da66,42c4307f-b8ce-45a1-8726-368b58baba99,773e2960-3141-4213-bd3b-d27e30123e13,P0003,4,Population doctor debate group care. Exactly happy city space fund pass.,2023-04-07T21:28:26.000Z
64ea5e09fe4f979a95e9da67,60196ec0-6d0d-4d63-8e35-e6bb2e11a2e8,888a2de5-4f6e-47b3-839d-6b14a863d429,P0095,3,Over relationship thing radio officer special. Guess everybody senior travel.,2022-12-31T19:10:51.000Z
64ea5e09fe4f979a95e9da68,6b7767f8-74bc-426b-8ed1-8804893aa533,073d916d-bc5a-4a89-b14f-83ba2e2647df,P0132,3,Work cut blood west tree knowledge. Seem military focus local front instead create. Right somebody sign scene accept area.,2023-06-17T19:37:26.000Z
64ea5e09fe4f979a95e9da69,f373528a-b7e2-40cd-9e1d-dde8458e8794,fd0cb4dd-d4e6-4b8d-85f9-9d3606c38c98,P0188,1,Guy century drop everyone. Dream professional body worry.,2023-05-18T08:11:23.000Z
64ea5e09fe4f979a95e9da6a,2284f47f-d575-4f5b-9b0b-35107c8bdafd,5fd783f6-2068-466f-b4a5-c7f8e8796773,P0431,1,Focus start shake music event history. Decide apply speech outside us wall. Manager take bed commercial.,2022-11-11T18:03:36.000Z
64ea5e09fe4f979a95e9da6b,26916be4-b69d-4154-8cfc-f90db7cbb29b,92517795-4ab5-41b6-b527-ed1433ac6933,P0029,2,Whether point pass before central. Card we her likely. Rather point purpose head stop one.,2023-08-25T03:38:12.000Z
64ea5e09fe4f979a95e9da6c,1d067a3f-7961-410f-a6db-7d14daf77eda,e899319e-2221-490b-aeaf-948ca2bbc338,P0479,2,Common will institution spend often camera loss. Dog bring full common avoid able purpose power.,2022-08-27T06:19:46.000Z
64ea5e09fe4f979a95e9da6d,a2556c87-b691-4b49-9b25-e07e8df74e40,3f57e227-ceb9-4609-b354-42166ecdbc30,P0493,2,Go heavy for north player could draw. Behind film red magazine. Commercial home admit write.,2023-07-11T17:07:44.000Z
64ea5e09fe4f979a95e9da6e,a0268897-4891-4aa0-a5a5-b9f86c0600aa,72500017-3ed6-4086-a21d-47a4e74c45eb,P0056,3,But list he. Put hundred somebody true strong. Cell action boy grow top claim style.,2023-02-16T20:15:12.000Z
64ea5e09fe4f979a95e9da6f,61bed3d9-61d6-41df-9dd5-d5d75b443223,c1e8b9a8-752a-447c-8a7f-8ccc7ec0ce87,P0152,3,Best bit cultural including painting much. South gun draw stuff. Later test although measure.,2023-04-17T16:49:32.000Z
64ea5e09fe4f979a95e9da70,8e852ce4-fa57-4cc4-88fa-d2346c38794f,107fa712-b635-4029-82b1-68f56b7528d5,P0473,4,Mr eat else. Forward cut dark record hear occur too.,2023-03-23T14:24:30.000Z
64ea5e09fe4f979a95e9da71,67f31c19-be4e-4f28-9a2e-9b7ceb8040e8,39390b51-647a-41d0-aa93-59157955e31f,P0142,3,Military rise raise. Friend hotel eat air night message more I.,2022-10-31T13:42:32.000Z
64ea5e09fe4f979a95e9da72,a84cd83d-95dd-439a-8ce2-f717e51035e0,bac38df7-964e-48e3-b43d-e5fbdd299cbd,P0154,5,Tree parent newspaper evidence. Realize response old at big.,2022-09-18T09:27:50.000Z
64ea5e09fe4f979a95e9da73,2f25d285-675a-4922-96e3-e197a84b9f49,58b36469-0a44-4093-a351-a67f474a143d,P0087,3,News factor itself action we easy. Garden need compare identify body since approach.,2023-08-05T00:13:39.000Z
64ea5e09fe4f979a95e9da74,e0d5dbce-5cb6-4089-ae20-466926ffd149,6c77c4b8-9f64-4257-b5ee-20f693dbb036,P0496,3,Artist right international house necessary miss understand. Have charge write laugh. Inside write turn why institution.,2023-08-21T22:29:18.000Z
64ea5e09fe4f979a95e9da75,63823dce-cd54-4a50-8cc2-eacf31b36a0b,3dee3d77-7f2b-448c-b773-1b5fda1fb0b6,P0109,5,Thousand move fight everything. Billion affect throughout during industry wall inside.,2022-10-21T01:23:41.000Z
64ea5e09fe4f979a95e9da76,8ead0bcf-a854-43a5-906c-18ba7409b491,eafdc554-0d6b-4c3d-9436-30d9bdd79503,P0082,4,Gas week pretty several really current source. Let decade interview rise simple writer fear capital. Tend bring he can model keep piece.,2023-01-27T01:46:54.000Z
64ea5e09fe4f979a95e9da77,f0c3ca69-5d6f-463d-9a9d-27fa524aef23,07ead599-1dae-4724-b715-9abe53d059ce,P0187,4,Small close middle identify rather. Side easy oil know threat case again.,2023-02-04T13:32:27.000Z
64ea5e09fe4f979a95e9da78,d08b7141-d758-4b9f-8199-af55dffe5175,57ebd8cd-1a21-496a-94ac-f957b1a88a23,P0329,5,Garden yet first market movie sea evidence. Notice almost actually especially interview report play.,2023-01-02T08:20:33.000Z
64ea5e09fe4f979a95e9da79,25ee3919-4cce-4512-a7f7-2a3251df2dbf,4fe8acc3-be48-416e-8582-04ee81370c66,P0304,3,Sign food anyone over defense this step.,2022-09-24T15:21:48.000Z
64ea5e09fe4f979a95e9da7a,64790527-5b72-453c-8832-a8a96c52f6af,b6d4e234-58cd-4720-84c3-5b808968c6dd,P0254,1,Long road radio song agree option. Majority lead doctor modern production country trouble.,2023-08-22T22:55:23.000Z
64ea5e09fe4f979a95e9da7b,40a44437-5857-40bd-8aef-1dc3cb93e09d,a9d49fd8-4c82-4f63-84c3-53328231ce6d,P0227,4,Television exist alone right. Else fine both affect media put.,2023-04-12T15:10:25.000Z
64ea5e09fe4f979a95e9da7c,a3b0de4e-2a9a-4222-9123-d3576cc1c68f,4e5ee891-0e19-4f86-8a4f-15b982f2164d,P0219,1,Grow collection girl common protect new far.,2022-12-28T23:37:14.000Z
64ea5e09fe4f979a95e9da7d,6bc8285f-cf77-48e6-bec6-9416efd637c3,de4a2da3-7043-47ca-82fa-a1268b41d9e9,P0114,3,Exactly money worry it process in American power. Myself read total radio radio. Base director president each.,2023-02-14T13:41:30.000Z
64ea5e09fe4f979a95e9da7e,7562e000-e4e3-4668-90fe-1e653a16cb05,fa6339bb-5f8a-4c5f-9f5a-ef9961ac7631,P0458,2,Report practice really begin across term. Tough government into pressure pretty military subject. Common study quickly condition assume.,2022-08-31T18:39:18.000Z
64ea5e09fe4f979a95e9da7f,a6a49542-3893-4688-a46a-8a176d6244cb,aa54005d-a0b5-4924-80a8-61f0d56e7fdb,P0190,3,Drug risk lawyer lot vote week difference. From spring serious else tend would. Weight certain traditional kind whole practice.,2023-06-20T01:58:06.000Z
64ea5e09fe4f979a95e9da80,f17af72b-615e-4886-b527-1ef8d22eb563,3de981ed-edb3-48f4-926d-9e6fbd002272,P0326,2,Response specific wear book for.,2023-06-08T00:53:58.000Z
64ea5e09fe4f979a95e9da81,015b302e-a02a-4ed7-917e-fc3b7c6a8dff,d08deb05-6e78-4add-9ab7-1ff0398731e7,P0256,3,Raise somebody lawyer light. Democrat lawyer service buy author movement only. Break current town energy first event part.,2023-04-30T08:17:11.000Z
64ea5e09fe4f979a95e9da82,0a93c63b-c013-440b-8d2e-98791e033d19,3c60f422-c531-4bc7-8ad1-8440803a232e,P0171,3,Kid must away use from. View visit newspaper consumer treat. Nation these huge.,2022-11-08T22:27:40.000Z
64ea5e09fe4f979a95e9da83,ca1481f0-3af8-4f1d-8c0e-ee1dd04bf9d2,1beb7f62-1103-4add-bb43-63978426c3a1,P0150,3,Growth boy government though. Edge its machine national city me set parent. Student that example agreement world. Change major once hand century capital.,2022-11-29T20:02:15.000Z
64ea5e09fe4f979a95e9da84,39f6dc7e-f28a-4c5c-bf9d-4adcf64c3359,06452429-67be-4153-b0a1-14052f32eb01,P0494,3,Mr news standard interest of analysis. Together front low every my. Act newspaper you already.,2023-03-23T21:08:10.000Z
64ea5e09fe4f979a95e9da85,9ae70b98-0e26-4742-bf41-e9a56dd5453b,49319da1-a9d9-4f16-afbd-e5bea0d5ed70,P0183,3,Well act nearly meeting hair. You democratic she fact air. Most another mother serve interview.,2023-05-24T18:02:28.000Z
64ea5e09fe4f979a95e9da86,7d685f94-6ab4-4019-bc6a-9d8371df73fe,47700806-132c-40a8-8e2e-42ff10912861,P0203,3,Heavy clear wall list. Use fall cup long own school. Little they dog meeting.,2023-06-23T00:05:54.000Z
64ea5e09fe4f979a95e9da87,5bea97cd-f23f-4ef9-8609-2707c8870a04,826ed47e-2fce-4fc1-928d-65d78c8d4c17,P0074,4,Radio improve return nothing. Significant level speak theory side actually. Travel color million system.,2022-08-28T11:33:47.000Z
64ea5e09fe4f979a95e9da88,80605562-1193-43fe-8869-e24c2a14b47c,c1e8b9a8-752a-447c-8a7f-8ccc7ec0ce87,P0445,3,Industry trip community fly. Movie property hot government.,2023-06-17T11:16:48.000Z
64ea5e09fe4f979a95e9da89,448d8612-e669-4c8c-817d-7870369d59b7,9f2b39a0-38e1-4680-9236-85746a9f021d,P0472,1,Low relationship such song word deal lawyer. Response listen finally later the eat.,2023-06-27T17:45:27.000Z
64ea5e09fe4f979a95e9da8a,cf029f6c-d648-41b5-9759-80d321b12e80,87b5f4cb-b7d6-45bb-8bd7-759f99999e0c,P0033,1,Series of before whole federal. Window officer choice base surface. Fire after reality forward.,2023-05-23T22:45:06.000Z
64ea5e09fe4f979a95e9da8b,d1ec1300-034c-4ae7-8676-d07a75eda391,99f51608-3ae2-46bc-8289-ce3c96a7e298,P0036,5,Security character beautiful authority throughout place. Memory leave population sort show.,2023-02-04T17:33:55.000Z
64ea5e09fe4f979a95e9da8c,56d7e991-f408-43d9-87ba-208defa81b8b,1b687bc8-c041-4e48-88e9-1d372fa21c36,P0164,2,Call listen carry son must attention interest. Lawyer cause day history instead discover large. Someone off million event quite institution win.,2023-06-09T19:59:00.000Z
64ea5e09fe4f979a95e9da8d,43c3cafa-35a2-4e6b-b764-844dcfaa71f8,7c1935f1-4426-4952-934d-84515370c516,P0069,1,Capital interview reality back chance air situation. Result building fast cultural point.,2023-04-09T16:53:29.000Z
64ea5e09fe4f979a95e9da8e,d06d2c2e-6513-4982-a9d2-8b5867a1f001,182aa149-b5a3-4c02-b945-895fcf154408,P0498,2,Explain value base within summer house machine. Unit himself kid drug government film involve. Wife Congress successful room teacher.,2022-11-03T22:44:54.000Z
64ea5e09fe4f979a95e9da8f,22d469d0-9e11-43c6-b42f-719e8c7735df,3db0431f-86da-4863-ba4f-dbd33c893522,P0155,1,Any risk writer reach point fine window day. Say moment cell do stand rich.,2023-04-27T13:44:38.000Z
64ea5e09fe4f979a95e9da90,4ed4f48d-a92d-485f-a564-5f3e200175ee,35e1c687-6063-4af0-94a0-683792ab95f1,P0175,5,Tough of check difference will question allow of. Race eight brother daughter great attack avoid.,2023-01-27T06:37:07.000Z
64ea5e09fe4f979a95e9da91,a4cca259-2420-4a02-8db8-70155edb9bd5,78964177-1d69-42d6-987a-dcb27e294d4f,P0160,3,Modern charge seven be. Could seek industry consumer party billion side.,2023-07-21T16:38:17.000Z
64ea5e09fe4f979a95e9da92,0f7ce443-4974-4fec-b613-f2b2b69467a1,984e78ce-8414-48b0-8fbf-105e05e5b988,P0425,4,Arrive box above court reduce vote. Travel key here several reach better can wear. Partner where view phone discussion car need.,2023-03-20T02:11:52.000Z
64ea5e09fe4f979a95e9da93,87ccea58-3344-4298-a44a-950517f65cde,c2070bee-b424-48b1-9dda-39ae100407e3,P0216,4,Whole fly above great of table. Guy poor seem lead win professor manager source. Employee reason theory option.,2023-06-06T21:39:15.000Z
64ea5e09fe4f979a95e9da94,35b64327-9ba6-430f-b375-9c272c0ddecd,20116455-8769-495d-9709-bd251460443a,P0420,3,Such doctor series camera ago. Teach occur travel center. Especially allow defense early purpose certain apply.,2022-11-21T23:24:24.000Z
64ea5e09fe4f979a95e9da95,2af1158d-b8b0-4454-9e24-51150c7328ef,992d2f45-0c71-4109-8358-ee7e827d04d1,P0215,5,Several age music thing executive home. Despite law already itself. Raise game on light could respond feeling. Soon he however away industry series.,2023-08-06T10:53:12.000Z
64ea5e09fe4f979a95e9da96,b2e6caa7-cd3f-4e59-bc1b-a35e271b0983,befef432-d9c1-4df3-8875-06b80659b402,P0159,4,Manage size attorney set less model. Rise price tend president everyone night.,2022-12-02T09:43:26.000Z
64ea5e09fe4f979a95e9da97,f66aa3ef-8eb4-4476-8e20-9a4098f4ccbb,fe73a6ee-ccfa-4a9f-bf7c-a22ee26c2da5,P0029,4,Machine black whom trial large start. Environment would pull best beat store. Hard others lead stay her until.,2022-09-21T16:39:48.000Z
64ea5e09fe4f979a95e9da98,4e306a53-7275-40f0-821d-1805d9881325,5e57c26d-b658-40a6-878c-2b175842ce2e,P0092,3,Civil care skin nation. Table billion behind easy.,2023-02-18T04:12:18.000Z
64ea5e09fe4f979a95e9da99,376f23d8-2ef3-44f9-92ae-2e162bb53fae,59815759-c89e-444c-9e51-e5557a3fa723,P0050,2,Decision amount probably agree wonder often. Church including consider hot process yes.,2023-01-15T13:02:06.000Z
64ea5e09fe4f979a95e9da9a,58db8885-de97-465d-820e-b94c888b589a,02bda35e-3b6f-419b-8ba8-d3affd6f9a16,P0490,1,School decide protect class tell. Chair least and nor down. Boy by wall appear nearly perform main.,2022-11-03T00:53:58.000Z
64ea5e09fe4f979a95e9da9b,d2f0bcdd-c812-4ee8-aac8-fdc59bd04212,3e1f977e-0eef-470c-867e-22fab10e95ab,P0404,4,Hundred source foreign certainly son help. Amount wrong consider white weight. Before back leave great learn.,2022-11-06T04:23:47.000Z
64ea5e09fe4f979a95e9da9c,280aaf61-c42b-41fa-8d5a-f865c869f4d5,9c7c2bfa-470d-4f1e-9795-8f2414f8b90d,P0333,1,Who together concern it response walk worker. Field member not run popular save statement. Its assume give high. Spring establish include find away.,2022-12-15T10:58:27.000Z
64ea5e09fe4f979a95e9da9d,45ac3756-58ed-44e4-a38b-9ab4bb3d908e,5f788cb1-5a83-445c-bce2-44a486e4b52d,P0234,3,Shake far support example. Sort rather kitchen bring.,2023-07-26T17:29:26.000Z
64ea5e09fe4f979a95e9da9e,e3f27011-85cc-4251-9408-fb258e402140,b534410c-7576-4539-93fe-c9c37ebde212,P0063,2,Political represent type society film everyone seem attack. Yard big evidence baby heavy data article.,2023-05-31T06:35:14.000Z
64ea5e09fe4f979a95e9da9f,ec4c762e-4f8c-4689-89de-a97c206c3d69,bfab61bb-5d25-4498-88e5-215d77643637,P0035,2,At lot though international newspaper economic. Increase benefit station story pay. Explain range the author.,2023-04-01T00:44:08.000Z
64ea5e09fe4f979a95e9daa0,485c551a-ea1d-47a9-876c-5acfba4fab47,b6564c9c-03ff-4c0f-922b-8b29c9345a0e,P0148,4,Will camera effect day management story. Big who value.,2022-12-20T13:11:38.000Z
64ea5e09fe4f979a95e9daa1,1c3132c1-0719-4f78-9993-024c34e2c848,37657097-af49-4aaf-85ad-19ce2bfb6f53,P0143,2,Four person from develop wife check. Gun material strategy science defense one collection above. Color rather director. Mention win over loss toward attorney interest husband.,2023-02-26T01:45:20.000Z
64ea5e09fe4f979a95e9daa2,ab9200a6-ef84-4201-a90b-c33ff91f694a,86dd1d59-32b3-4746-b9cc-d218596f25ac,P0468,1,Investment own continue adult. Maybe professor particularly sound throw affect page.,2023-06-18T11:23:47.000Z
64ea5e09fe4f979a95e9daa3,687b14a8-cc34-4d88-80b4-c3f1d27e1033,b6558849-bb75-46d0-97a8-f5f01bf8d3f0,P0267,3,Girl of himself our official become total magazine. Third its even become along. Word main itself skin today.,2022-10-16T08:17:52.000Z
64ea5e09fe4f979a95e9daa4,0b50cf7a-12f4-4d59-89dd-fc18de5bc909,5e57c26d-b658-40a6-878c-2b175842ce2e,P0278,2,Wear officer conference indeed.,2022-10-02T07:08:21.000Z
64ea5e09fe4f979a95e9daa5,5dc72a8d-11d6-44df-b6cc-a32ba72bbd9c,19a514c0-267f-4010-bc03-1cd9ab9b2c8e,P0033,4,Safe factor just fill travel similar. Trade into deep life draw report.,2022-12-20T11:13:50.000Z
64ea5e09fe4f979a95e9daa6,dff4cc15-1afb-4100-9ea5-cad122193c5b,31330134-a597-4642-957d-cb5429b1629d,P0119,1,Full opportunity will resource realize. Power stage garden government. Environmental name tend throughout.,2022-10-08T03:34:54.000Z
64ea5e09fe4f979a95e9daa7,1f667eeb-1fcd-48f1-9e6d-9f5bf1ec4c1a,025c0a86-1c55-4cd7-9832-0d4d6abc815f,P0372,3,Shoulder bit dark project. Yet kind radio threat difference soon need guess.,2023-04-24T13:30:21.000Z
64ea5e09fe4f979a95e9daa8,91b16ec9-4549-4bb8-ba59-0f643e0aa1f8,c4755ea8-6a11-4291-a446-5ee3ef633255,P0003,3,Upon fire red process thousand some drive purpose. Small contain best report. Door discuss bar short.,2023-05-13T09:34:31.000Z
64ea5e09fe4f979a95e9daa9,73a0a04e-62c9-4fc2-85b1-4b474d71a269,b3d5be1b-5326-4db5-938c-898b2a97c41e,P0098,3,According wind fish box institution wear west.,2022-08-31T11:12:16.000Z
64ea5e09fe4f979a95e9daaa,10603787-8213-492d-b5d8-b5065f01f6c5,f87e3fee-507b-4ffc-a4d9-fe6b642966ec,P0429,2,Near development if after often environment. Sport sometimes require red. Practice make design.,2023-03-30T19:40:42.000Z
64ea5e09fe4f979a95e9daab,efff8709-7b03-43fb-ab66-f728130267fa,4dd20540-fbc9-41e1-84d7-e8b6e8bbcfe5,P0211,4,Remember along get beautiful. Record cultural for sing laugh interest open. Great quite why adult night.,2023-05-29T22:06:57.000Z
64ea5e09fe4f979a95e9daac,764c6994-d62c-4354-b4f5-89599e31de82,ebdb071e-780d-42d2-889c-58722c1b782c,P0362,4,Economic experience involve focus. Including particular discuss put.,2023-03-13T01:44:50.000Z
64ea5e09fe4f979a95e9daad,65c0877c-eaca-4271-ab3c-b4439f5da459,7e939bbf-536f-48cd-868e-d02e5fd58e0f,P0173,2,Attack within participant sister. Sometimes mind hope activity.,2023-04-01T22:50:28.000Z
64ea5e09fe4f979a95e9daae,bb939dae-a492-49b1-bec6-9407c815b22a,e35bae02-64de-4760-b9ae-d2053a0718bb,P0110,2,Pull company reason draw country away. Store education easy of level democratic determine girl. Nearly various study watch age.,2023-05-11T08:24:00.000Z
64ea5e09fe4f979a95e9daaf,c0c09e6c-86f7-48ef-8561-13fe7c486e9f,d1439f0b-4863-49d4-be19-308c47c9332e,P0064,3,Science guess off appear represent sell upon. Grow responsibility various out since magazine. Itself question board improve modern while price.,2023-07-28T00:17:52.000Z
64ea5e09fe4f979a95e9dab0,c138f25f-a4e2-4fa7-ab8d-6a80bd1f7cec,5e907670-0ea8-43cc-98b6-e425ed15e608,P0064,4,Stage occur home nearly section hit. Short cover when on firm three.,2023-08-13T07:33:21.000Z
64ea5e09fe4f979a95e9dab1,14b4a054-81ce-4c90-b8f8-fcbc32cdb8e0,569d63fa-56b6-4ce5-9227-b04f1c21d597,P0162,2,Husband suffer along must institution throughout. Necessary feel we. Structure any me while finish special.,2022-09-18T15:31:59.000Z
64ea5e09fe4f979a95e9dab2,8d6735d7-0db1-4567-a865-a39927626c6b,7286c5e5-9890-4356-a2e1-0a8c4f1b2c27,P0107,2,Yourself next stuff plan. Century fly author their possible act miss. Then mean although thought PM clear.,2023-04-06T17:39:25.000Z
64ea5e09fe4f979a95e9dab3,59612a6f-bbdc-4e7a-8bcc-a55302b5375c,2f7fcc92-7f73-49af-946b-5699fd0ffb2d,P0380,2,Bit work remain begin generation relationship. Hope coach daughter employee pattern stop. Force skin apply market star care inside budget.,2023-04-03T19:10:59.000Z
64ea5e09fe4f979a95e9dab4,891b05af-9bd1-4f5e-a895-da70a003f867,cfefb0b3-61da-43c3-ab31-654bff4b6719,P0145,4,Student go memory above authority full senior wait. Great newspaper Mrs. Phone than respond perhaps.,2022-10-02T01:22:27.000Z
64ea5e09fe4f979a95e9dab5,51a31266-702f-4b35-9a0f-e3fd9f016a94,7a8a7b42-43b4-4711-8e30-37bac22fcbbe,P0198,3,Smile his record will school want. Include recognize beautiful less population PM.,2023-04-18T01:02:47.000Z
64ea5e09fe4f979a95e9dab6,a4fc5565-f803-4282-bac5-84225dc4e243,2cff8a2f-086e-4981-afb5-3b7042ee8e38,P0288,3,Mention fight hundred. Pull age Mr do explain senior understand.,2023-06-24T03:53:56.000Z
64ea5e09fe4f979a95e9dab7,97bf1de3-cc17-4512-9f5c-0489f890c11d,8253cceb-c988-4bac-b598-6f5ee335a238,P0312,2,Necessary north deep price.,2023-02-05T11:37:18.000Z
64ea5e09fe4f979a95e9dab8,596b0279-410f-4ca6-aee8-bf25bcde7e17,efa051a0-fa26-43f0-bfd1-39724f3d4d13,P0005,1,Affect suddenly would condition. Now reflect physical while.,2023-05-30T21:35:44.000Z
64ea5e09fe4f979a95e9dab9,68edefd4-e62f-408e-87fc-3ecf92a744de,d3034c10-e9ca-4de7-a6cd-f2fe60dce8fe,P0096,3,Generation middle event involve style south. Free cup listen soldier democratic heart increase including. Hundred management million approach compare attack American side.,2022-08-27T17:43:45.000Z
64ea5e09fe4f979a95e9daba,d6e14654-0092-423e-a420-9f1aba812e09,835cf9f1-5287-4e66-a7e2-fc14d0baa533,P0122,5,Organization beautiful box smile detail stay small.,2023-01-22T19:22:29.000Z
64ea5e09fe4f979a95e9dabb,af5adfc8-4cdf-4687-826e-9dc8a23d620d,fda775c9-55e3-44fb-9522-9dbf473b1825,P0268,4,Around stock customer term option. Economic protect floor to north. Place any member follow almost last sense. Environmental short century arm Congress.,2023-04-15T02:25:24.000Z
64ea5e09fe4f979a95e9dabc,84af875f-65ff-49ea-a5eb-f007c1f1b6ce,29e712a5-3ce1-45c4-a7b5-7f53855b043d,P0049,4,Trial to ask save help. Professional agreement something very example away. Least agency political finish.,2022-10-26T08:26:10.000Z
64ea5e09fe4f979a95e9dabd,20907ee5-3e66-43b6-b6da-c77c4e94cb2b,53d2e8b7-37f3-4540-8f31-63db5e3c1470,P0183,2,No rather family police term manage experience. Structure action weight natural author happen PM. Director book gas home thank far.,2022-11-03T04:25:59.000Z
64ea5e09fe4f979a95e9dabe,aa62f80a-2c62-43f0-a643-f9e9b7ce6fab,8253cceb-c988-4bac-b598-6f5ee335a238,P0312,4,A save likely many better apply require. First nor often suddenly operation degree high.,2023-06-24T00:47:21.000Z
64ea5e09fe4f979a95e9dabf,79ed9644-4a1f-4c98-a65d-775542eccb87,c7b01a62-ef45-4cd7-a301-a415888f407a,P0020,3,Anything dream well natural quite land study arrive. Individual protect nature rise.,2023-03-21T17:33:57.000Z
64ea5e09fe4f979a95e9dac0,b1479b6a-ae1f-461a-a921-f577581dcebe,7998a164-1273-4798-aa68-827a071e6c92,P0399,1,Positive deep involve machine know protect his. View interview chair operation.,2022-12-04T07:35:04.000Z
64ea5e09fe4f979a95e9dac1,903d9852-1e8b-4042-8791-1997538cb1d9,dec7e00a-1997-4057-8203-e7e4f4ac02e8,P0011,2,Public specific foot. Itself middle collection suggest final. Interview push society walk suffer area suggest. Explain evidence eight raise partner third.,2023-04-03T09:56:29.000Z
64ea5e09fe4f979a95e9dac2,97da7a78-b289-48b2-8167-598f7ca772ec,46a1a3fd-fc32-41f5-8f4d-70bde37f540b,P0346,4,Between despite common themselves resource. Look part door house moment shoulder who.,2023-08-13T18:10:17.000Z
64ea5e09fe4f979a95e9dac3,f95a562a-a4f7-4cee-949e-a2310eecf7a6,e65cbeb0-fd91-4ef3-9515-fb1b31d2d8cc,P0188,4,Feeling these policy between word whole exist. Wind yet much region.,2022-11-09T12:30:00.000Z
64ea5e09fe4f979a95e9dac4,808d5931-8d6b-45d0-9518-be4dd77704a9,49eac8c1-f214-41a3-b735-cc7c50702a63,P0445,4,Blood security Congress short. Change minute wear east change. Inside dark cover star.,2023-01-10T03:33:57.000Z
64ea5e09fe4f979a95e9dac5,e4057086-eb44-432b-b0ed-db2579c96545,27a5d527-05d9-4f97-8d4e-756de8391e83,P0463,5,On affect themselves life. Charge community system next light peace apply.,2023-05-18T01:14:55.000Z
64ea5e09fe4f979a95e9dac6,ad2eda9a-7c0f-4ed1-bc90-3d93749efb1e,8548766d-3e0d-4e23-b2d1-f5bdc378a563,P0104,5,Operation candidate hope hold report. Do minute generation also seek. Half few election issue.,2023-01-24T15:13:38.000Z
64ea5e09fe4f979a95e9dac7,2800c952-416b-4761-8d43-27fd8039682a,d8a5e8c1-c7c8-4532-8e2b-6e0cb86c34b3,P0125,4,Home prepare church lot issue strategy. At low movement late.,2022-09-07T20:29:09.000Z
64ea5e09fe4f979a95e9dac8,5d236625-2b69-4c56-bca6-9eb6e3e3f45e,dd6be400-61fc-438d-9d6d-dde04b84b946,P0466,1,By give small upon bag. School eat art recognize blue too. Actually though compare everything.,2023-03-16T20:25:33.000Z
64ea5e09fe4f979a95e9dac9,a3dd8213-8bc9-4f6b-a33a-439b6ada068c,81d71de7-4cce-4bbb-9375-a3253a364b3f,P0445,3,Economy loss open trade behind help increase carry. Sort difficult along project tend visit area. Want pretty miss bar serious.,2023-08-20T22:54:19.000Z
64ea5e09fe4f979a95e9daca,4edcf2fc-3e09-4415-a25b-7134ffebe850,93068e0f-8582-42d8-853c-6ae8208603a0,P0424,3,Idea rock best improve. Even smile station thought change. Election south sort increase nice south stage.,2023-08-06T02:01:19.000Z
64ea5e09fe4f979a95e9dacb,11f16248-4c00-4231-8cfb-3e00d896847c,07321e16-d08e-4c9e-b809-7e5333b85964,P0021,2,My finally attack suddenly experience serve. Institution let answer lot can during check.,2023-08-01T09:08:50.000Z
64ea5e09fe4f979a95e9dacc,b5a730a8-7402-4e6b-b87f-8958daadbccb,27163ee3-d45f-47f4-9101-3c9ba0d55fa7,P0456,2,Certainly tell safe without serious. Which cell growth group couple himself.,2023-06-13T20:00:08.000Z
64ea5e09fe4f979a95e9dacd,a23749b0-4125-477d-881d-88b4bcc87dc0,0a099805-1b52-46b8-b6a6-60312a4b0965,P0292,5,Point end laugh different. Loss statement small key.,2023-07-28T12:05:53.000Z
64ea5e09fe4f979a95e9dace,40f50e61-60b7-47ce-a053-b1ebdcc5e199,bd54f9a6-4db0-4f08-9ce4-cb1851366bad,P0260,2,Since good moment court. Space admit class sometimes.,2023-08-25T20:42:55.000Z
64ea5e09fe4f979a95e9dacf,92740768-e003-4649-a570-6f8023f331e4,462fb716-f610-4213-9786-5e8ce7f0d76d,P0142,5,Event safe face off.,2023-05-09T05:25:09.000Z
64ea5e09fe4f979a95e9dad0,1dee7555-e945-42f1-acd7-fab927bceeaa,75729706-8a8d-4f73-b4a5-8a02fa2db34e,P0161,2,Plan four most. Including must many current.,2023-05-19T20:36:42.000Z
64ea5e09fe4f979a95e9dad1,4597fe1e-fe1e-474c-bb19-dd3b2b42d1b9,50be5f73-24bc-46d3-b254-cfaba0c9d6a2,P0371,4,Floor be fund technology number policy. Agreement buy none whole draw near well.,2023-07-11T07:38:02.000Z
64ea5e09fe4f979a95e9dad2,df30511a-b663-4b26-a2f4-5edcefbf7308,31b01576-c8ed-4f75-abfe-959b5c600e03,P0413,1,Respond talk hold month kitchen let at. Candidate talk class.,2022-11-12T14:17:12.000Z
64ea5e09fe4f979a95e9dad3,c391d2b9-cf58-4934-b711-4d29efba0ab5,a3019ef5-7fe8-4647-a566-9a7a6a2f4c34,P0470,1,Radio choice receive effect small include put. True some now church study.,2022-11-02T15:44:08.000Z
64ea5e09fe4f979a95e9dad4,49fca747-41e1-4300-a323-387e63f1da02,46956b0c-ad0b-4a40-b3b1-d3bf64610f3d,P0429,4,Senior stuff easy administration former. What American government. Professional read me great research number travel.,2023-01-29T18:58:01.000Z
64ea5e09fe4f979a95e9dad5,ca6b644d-4292-4d5c-9d05-dffeb5ebe214,aeeb32dd-c980-4a44-9f19-e3fccabc1294,P0495,4,Maintain him too building. Theory want machine hear no when face. Seek hour will phone top thing list true.,2022-11-18T03:52:44.000Z
64ea5e09fe4f979a95e9dad6,a6178575-3973-4e68-aa28-14bf7d3ad784,82ac5639-93f2-4f79-a386-630a674bbad4,P0311,5,Class understand morning finish. Ask buy example develop gun. Something fly at thought agree reveal.,2022-10-04T00:59:20.000Z
64ea5e09fe4f979a95e9dad7,08f87685-1486-4b94-906a-fd512ce24803,cf20d0eb-804a-40d8-a447-fa5855a6b447,P0273,4,Pick easy similar blood evidence feel shake. Eight but single. Enter old him nearly home investment. Part just mind agent buy.,2023-07-02T08:58:38.000Z
64ea5e09fe4f979a95e9dad8,b1379b1f-9cec-46d9-88fd-37237f1f1a3a,bd263b23-9834-4793-a1e6-5310a942b73a,P0070,5,Conference rich special perhaps. Environmental fight million lay so during accept.,2023-05-03T09:51:54.000Z
64ea5e09fe4f979a95e9dad9,a5116832-3f11-4ffb-849d-91ac9e880b45,038a3bae-eb24-49ee-be55-aab49ef6c6c1,P0463,5,Particularly company ask break. Buy result occur popular.,2023-07-28T19:08:53.000Z
64ea5e09fe4f979a95e9dada,42f87e03-d6ed-4f58-bd8d-bf48c7cbe63a,061c8226-397e-498b-977a-a240ca7168db,P0201,1,Claim find could occur sell street. Box act maybe sing level day science. Follow effort though same couple.,2022-12-24T23:17:54.000Z
64ea5e09fe4f979a95e9dadb,05d0eca3-743b-43f5-bb4a-7574b5b839d9,ad94cf74-0f11-4d41-a077-e24c5e3b9198,P0280,3,Yet police woman imagine very treat realize author. View building hundred true guy only third world. Team available relationship drug.,2023-06-28T15:24:06.000Z
64ea5e09fe4f979a95e9dadc,42bea80d-a01e-4a3d-9e45-fbfc795f81dd,b0389147-3cd3-4909-8beb-749f111ccb2c,P0180,1,Teacher you executive south officer. Style fill economic clearly strong thousand between clear. Rich already allow certainly.,2023-04-01T15:38:08.000Z
64ea5e09fe4f979a95e9dadd,744df739-9f14-4e23-9e06-5e1827361d9f,35e1c687-6063-4af0-94a0-683792ab95f1,P0133,4,Mind on center base call present. Road save example either detail city finally.,2023-02-12T17:26:32.000Z
64ea5e09fe4f979a95e9dade,f634146d-baa3-42c6-a7c2-0e81952cff84,b73fcd19-de6c-4399-8b30-742149d6e314,P0286,4,Since cultural value.,2022-09-26T05:31:19.000Z
64ea5e09fe4f979a95e9dadf,c0490215-b574-4195-994f-c4982dfd6306,24fecb56-df16-42e0-a964-02e8f845a994,P0479,4,Knowledge your field how fight fine. Environment far that country usually.,2023-01-31T06:56:40.000Z
64ea5e09fe4f979a95e9dae0,9f2b9c11-b57b-4f17-86d8-35eb6b8c4da6,b59b7090-2ff6-42bb-9fec-a36aad007e5d,P0446,5,Body administration save account affect. Cause late activity stay teacher option. Treatment movement nothing fall act democratic grow.,2022-12-20T19:38:52.000Z
64ea5e09fe4f979a95e9dae1,4b138f7b-7efd-4f8f-aa71-84c0d238beb5,f7025e21-5d0f-44c4-a9c9-ea156691641e,P0295,3,Unit again discover. Chair not however item.,2023-08-17T22:00:11.000Z
64ea5e09fe4f979a95e9dae2,42f5ac04-a33a-4241-aa38-4262ffb550f3,741ae4be-59ee-4334-a32d-d754a52badea,P0447,3,Administration establish police especially.,2023-07-21T04:25:41.000Z
64ea5e09fe4f979a95e9dae3,c361f0b7-12ff-44a5-b8a7-d525f4d3687d,53b93db3-58a4-4a2f-9328-561c782027e5,P0088,4,Success wife out.,2022-11-14T09:01:42.000Z
64ea5e09fe4f979a95e9dae4,7061526e-2388-473b-a7d6-3e972343c6d6,95271d52-dd65-4de7-9532-bac5690c69af,P0302,4,Support idea identify raise purpose degree. Send worker nation analysis sort.,2023-01-27T22:42:25.000Z
64ea5e09fe4f979a95e9dae5,a8072365-3378-4dcf-a32f-c2539828b8f3,48a67eb6-be6f-46de-8d17-b2e5162dd300,P0113,2,Phone goal authority commercial election. Positive response page Congress agree. This military machine family control lay.,2023-07-03T05:29:51.000Z
64ea5e09fe4f979a95e9dae6,8e59f044-4676-4c20-928b-ef7d992acfbb,b2d06453-63b7-416a-8656-c295509a04c6,P0450,4,Activity industry series sea. Western ahead buy full television also us matter. Not seek answer involve offer while without. Long in light will week.,2022-09-22T23:00:00.000Z
64ea5e09fe4f979a95e9dae7,f6d5b68e-a88d-4b5c-884d-68475d1a6bd3,3fdb446f-5bf5-4e10-942e-c95ae4d3cd14,P0119,3,Into no fine economy response most. Tell top focus long. Necessary thank style scene to much.,2022-08-31T19:25:12.000Z
64ea5e09fe4f979a95e9dae8,9eabdac8-480d-48c5-af61-f4e7ecb994db,2a9aca40-5c82-4b87-962b-96c27340252f,P0451,2,Environmental if listen source by game letter. Hand onto for unit but collection these which. Other theory boy simply protect executive.,2023-01-07T14:06:30.000Z
64ea5e09fe4f979a95e9dae9,15bf84a3-1463-4388-8cfa-bd1c988f4d36,29b50c7d-29d6-4091-a6e7-11f90e70136b,P0084,2,Continue various prove already statement good. Young others easy nature eye. Yourself successful site check system experience.,2022-09-05T09:35:03.000Z
64ea5e09fe4f979a95e9daea,564de317-c7c7-4cad-8729-94c530f9504a,83267bdf-b99c-4d15-adcf-d327c226255e,P0425,4,Century stop history different. Know age water world news word. Still state base money material.,2023-05-05T17:06:48.000Z
64ea5e09fe4f979a95e9daeb,4b918ef5-e454-45d7-9248-414c59f8b654,f7f224ec-f933-41f4-b78a-9770d7a7cf69,P0174,1,Ability young view recently increase draw cost. Month bank this nice sense.,2023-03-14T08:35:02.000Z
64ea5e09fe4f979a95e9daec,8b5428ff-318c-4d2f-8d1d-f0844a713fb1,e55f58e1-c3a0-46e0-aba6-fcc7bd2d8f62,P0274,4,Card hit decide skill what. Truth million lose describe join look consumer. Well power card while.,2022-12-01T04:33:01.000Z
64ea5e09fe4f979a95e9daed,9fdf94cd-9861-4dda-9f6e-4b6efe71d926,5a79e3d6-1af1-417b-8890-ebde836250f0,P0466,5,Suggest type someone lead. Away thought nothing tend.,2023-03-22T06:51:41.000Z
64ea5e09fe4f979a95e9daee,e0bf2a6f-6127-4f07-88d7-1493381c19c5,92e175df-a96a-4b4c-9c2b-f491baef5c11,P0488,1,Believe help resource way. Project take effort. Employee response get wonder recently mean give.,2023-05-21T12:43:15.000Z
64ea5e09fe4f979a95e9daef,08ac98df-2c57-4720-895a-ea7c60b4b7f7,474c0552-801b-4a60-b2b0-de7b85cd6fbd,P0023,1,Accept economic Mr policy. Impact have bag summer nearly.,2023-02-05T23:08:45.000Z
64ea5e09fe4f979a95e9daf0,cc4989a8-802e-45ed-b2b0-c7c1f09e1408,86d6ca29-2d29-4021-addb-d2c3d1d97e52,P0369,3,Something pull every he paper age finish. Old take improve risk.,2023-02-26T00:11:00.000Z
64ea5e09fe4f979a95e9daf1,fad33ae8-a55b-40c2-ba1a-42401efab129,d1ba3f26-a1a3-4375-a85d-695836299823,P0437,5,On leg source. Up commercial increase mention me reach federal. Wonder mouth other society.,2022-09-21T15:43:16.000Z
64ea5e09fe4f979a95e9daf2,d3645fbe-54f0-46fc-8754-761b81eb7b1d,b736529a-5a76-4b0a-8865-8381de28fe7f,P0054,1,Such often quickly issue. Daughter daughter right report understand prevent.,2022-12-12T12:44:21.000Z
64ea5e09fe4f979a95e9daf3,5b01823c-a602-4a3c-90b8-551e14c36977,85f0dc5f-198a-4a77-b958-b7b3ba7ae763,P0307,5,Family agreement shoulder fly laugh answer show. Doctor political then up peace difficult hear.,2022-11-25T05:53:33.000Z
64ea5e09fe4f979a95e9daf4,d35103ce-2599-47d4-8a49-303bed3a295c,0406760e-4a29-4b92-845d-09c861d9178b,P0108,3,Add during me sing miss leg family. On situation economy work. Pull price bill respond most he manager.,2023-01-22T01:28:55.000Z
64ea5e09fe4f979a95e9daf5,fa738e26-4c80-449d-a064-87cddde4c79f,c7b8ec99-4696-4197-a9ca-443e43ac86d6,P0491,5,Thought within ask story ask citizen. Side mother real culture account step back. These staff leg gas.,2023-05-29T22:44:54.000Z
64ea5e09fe4f979a95e9daf6,253342e4-4963-45c3-87a8-a96c9e1aaf5d,4e5ee891-0e19-4f86-8a4f-15b982f2164d,P0451,3,Reflect contain travel meet. Return strong movement imagine practice government.,2022-12-20T23:33:24.000Z
64ea5e09fe4f979a95e9daf7,73c7874c-5dff-4900-ba20-7ac0829d0406,292d153f-109c-429c-b848-be46dea2ec83,P0333,5,Million heavy every under space allow stock. Free assume thing.,2023-05-19T16:15:44.000Z
64ea5e09fe4f979a95e9daf8,0243aec6-b526-48da-bfb7-f920d82c0a7a,2c9f208f-c016-461a-98c0-c14469dc75c1,P0194,3,Rate its great seven doctor agree. Section least machine open sure hour. Carry site ball skin rise worker.,2023-06-29T06:40:05.000Z
64ea5e09fe4f979a95e9daf9,eaf728fc-6c31-4ad7-a8d1-580a6f38bbc5,23fa55d5-fd19-4f79-9c46-60bc1bb7d551,P0233,3,Not write stay clear. Tend read remember explain concern shake recently. I animal politics hot.,2023-07-15T01:46:07.000Z
64ea5e09fe4f979a95e9dafa,54302413-ca79-482d-a040-0deea9e8f725,47b4c268-4c5f-4a13-be1e-e054c552a81a,P0116,3,Begin military reveal writer account billion. Year sense take eat source later production. Plant side want reach north believe.,2022-12-03T03:36:05.000Z
64ea5e09fe4f979a95e9dafb,7ac370db-b1b2-418d-8621-e5df197ad5d6,914837c8-573e-4a72-b283-026d56b81ae9,P0469,4,Street if want say treat serve side.,2023-03-07T17:02:24.000Z
64ea5e09fe4f979a95e9dafc,f83dae42-25cf-40d7-baec-32d804837d1b,8b645fdd-4658-425c-af55-56c32961b7fd,P0001,1,Attention smile food itself recent.,2022-10-02T08:45:23.000Z
64ea5e09fe4f979a95e9dafd,2ac9039a-a8fb-40f0-a862-5c2960764178,11d58216-ae92-4d99-97e3-a1a7b43c0e65,P0440,5,Heart skill example goal walk activity table off. Address fast table group hundred whose guess.,2022-09-28T18:52:03.000Z
64ea5e09fe4f979a95e9dafe,1f49cadb-6703-4068-9bd2-e59d2a0f0e98,971ae618-0deb-401b-9342-29189fdf2f27,P0479,4,Cup million paper surface candidate. Check behind start similar suggest since tax bring.,2023-03-17T17:46:19.000Z
64ea5e09fe4f979a95e9daff,74b1740f-9b40-4e4e-b4eb-f6084cfd3b54,19a514c0-267f-4010-bc03-1cd9ab9b2c8e,P0340,3,Need their reduce worry. Character hospital doctor which half. Record book our back may once however.,2023-08-14T14:34:41.000Z
64ea5e09fe4f979a95e9db00,0d432ff9-534f-4bf8-9cff-c3142e4cd0cb,abb02023-3ee2-4e61-a2c8-367a1ca1b8b6,P0321,4,Military exactly line recently political. With carry again against interview heart.,2023-03-19T15:33:41.000Z
64ea5e09fe4f979a95e9db01,54f26e8c-3291-449c-9b9a-b875d3ace5a6,e05f0354-8ab9-4023-b082-74597e24347f,P0248,1,Yet campaign arrive if rest audience general home. North light family give teach major happy conference. Year science relate artist thing interview.,2022-10-31T02:01:36.000Z
64ea5e09fe4f979a95e9db02,2fa8e5a2-4d7b-4505-9612-b410c86c1121,4825092a-8570-42c1-b0d5-2aaea86a1152,P0268,5,Watch five much. His newspaper very church.,2023-03-27T21:42:38.000Z
64ea5e09fe4f979a95e9db03,a1327b08-2358-42d1-a7e1-4aee796ed2ac,ff9a2a90-1daa-4730-bb2a-7459811dd678,P0389,5,Movement recently across bit knowledge. Of charge less mother raise first.,2022-10-06T16:52:13.000Z
64ea5e09fe4f979a95e9db04,86824bfb-8151-4182-89e8-78b24f6b00a9,e02d8754-a9a8-4455-8c15-b78b71f02fdc,P0479,3,Food speak phone our history information. Plant rich information pattern support foreign.,2023-03-23T06:24:00.000Z
64ea5e09fe4f979a95e9db05,cbb5ff74-83f9-492b-9c5b-69d32a6137bb,84e2503e-67f0-427f-ba5f-b7d821f7aa04,P0295,5,Consumer edge a seven. Theory child floor answer the.,2023-07-02T22:30:00.000Z
64ea5e09fe4f979a95e9db06,9206a168-dcc9-4426-a07a-58e1f329f2e6,046d57a6-f6fc-418a-9fd3-8567fd15b4c2,P0261,2,Civil tell budget resource. Magazine lot join stay. Also mission meeting arrive may son himself.,2023-04-26T05:49:38.000Z
64ea5e09fe4f979a95e9db07,78535922-fa64-4294-b502-af373e419584,ad94cf74-0f11-4d41-a077-e24c5e3b9198,P0331,4,You you life. Yet know open affect any method focus. Same mind eye occur.,2023-01-08T12:02:53.000Z
64ea5e09fe4f979a95e9db08,c55d2c07-dd14-4587-bfe3-d67d91595886,8253cceb-c988-4bac-b598-6f5ee335a238,P0325,4,Positive final attorney wait. Significant measure market arrive democratic small size. Another sort whose floor mind side ago.,2022-11-07T01:01:02.000Z
64ea5e09fe4f979a95e9db09,42f7a265-c994-46b8-8d68-0c367f3177de,5baa765a-a885-4afa-9b99-43388a0b1f54,P0294,3,Charge listen exactly cost. Early read back so different.,2022-11-07T14:22:23.000Z
64ea5e09fe4f979a95e9db0a,67385e38-9b7f-4495-a88f-5d22d4137a6f,7dcdb8dc-fc8d-46df-b462-db3d7c2d8138,P0110,2,Ground level piece yes. Middle simply western people such guy.,2022-09-17T08:49:44.000Z
64ea5e09fe4f979a95e9db0b,fb6f3782-1841-4e57-9e5c-253600aeb7b0,6929973e-c8c5-4e6c-81bf-6e77287c2a2e,P0001,4,Wait cultural social political tough than.,2023-04-21T00:07:53.000Z
64ea5e09fe4f979a95e9db0c,4504a96c-21b8-4ec9-9cfa-5ea023ef7352,aeb4cbcc-6b7f-45a7-9f9f-7b8c35560905,P0317,3,Age over watch develop lose indeed. Role value have quality they memory. Hard authority purpose spend through. Another vote four mind policy school figure.,2023-01-25T06:11:58.000Z
64ea5e09fe4f979a95e9db0d,e1bc35ea-a0fa-4ad4-b676-99134cee21d9,2be208d5-cd45-4246-89b8-4efd840befd9,P0323,4,Say well skill specific pretty. Final reveal person across ten two second. Star writer develop score service.,2023-07-19T08:17:58.000Z
64ea5e09fe4f979a95e9db0e,a29958ab-db93-425f-8a84-0fd70969b277,04ecb40a-e318-4ebb-9c6e-9d78a5516bf0,P0425,2,Audience prepare leader successful alone simply. Behind outside company approach number.,2023-05-17T11:03:28.000Z
64ea5e09fe4f979a95e9db0f,936ab3df-125b-4c42-ac60-f5895569171c,46a6cb04-6d00-4da8-9735-ef02c348f92f,P0383,3,Enough style and mouth company think.,2023-01-19T15:26:55.000Z
64ea5e09fe4f979a95e9db10,701c3b7a-249b-40be-be6f-0bed5c3f64d3,a1f09200-9ece-4eb1-b125-d847af81a46d,P0069,3,Project material responsibility firm question simply. Leader wait particular of many.,2023-03-21T19:53:49.000Z
64ea5e09fe4f979a95e9db11,7ee2b3e7-8495-4cc6-969d-db7c1b6f9ea8,8dd57993-76c4-4f06-be71-0c93e65662fa,P0349,3,Make possible whether all break. New car political life.,2022-12-02T16:19:52.000Z
64ea5e09fe4f979a95e9db12,c8878527-14ee-42d7-82b1-a00b42bfbce5,062f9313-8e06-4d9f-978d-c20a1ce14ab3,P0413,1,Remain society two success doctor skill. Notice one wind improve fine represent carry.,2023-03-02T13:17:14.000Z
64ea5e09fe4f979a95e9db13,172d49a4-6ed6-4ddf-bfae-4fea04dce7f1,35c3b0dd-380b-4c52-93e5-28703d574530,P0438,5,Trouble bag section top claim nor. Company break idea later.,2023-06-03T12:58:18.000Z
64ea5e09fe4f979a95e9db14,989dfd0b-c536-4bbb-bba3-ed93ec06790e,c7b61363-2f92-400b-bf78-4e2d546618ee,P0060,2,Pay another sense moment very describe power. Hundred station no stop.,2023-06-20T01:01:36.000Z
64ea5e09fe4f979a95e9db15,89353e68-f6e1-4d84-8686-affb98ca84a1,d554e6c3-436b-4c7c-8469-90cefee2dfc0,P0424,1,Level worry mother keep high you. Marriage full raise. Account discussion statement nor brother responsibility night after. Issue when outside trouble.,2023-06-27T10:52:52.000Z
64ea5e09fe4f979a95e9db16,eae768aa-e83c-43a0-8d9b-50c4b88c3107,5aa02763-3b12-4795-8de6-4c05b9ac4a69,P0296,1,Skin whose drug drug. Old near on should ground. Available smile bad wish anyone case develop.,2023-02-08T16:01:27.000Z
64ea5e09fe4f979a95e9db17,368cd01b-0d10-459f-8591-48cad0065f11,ae208438-2d6e-4a81-aac2-ca47e77eedf3,P0233,4,Service director public career expert. Than brother fill.,2022-11-10T23:38:49.000Z
64ea5e09fe4f979a95e9db18,548f4fa3-3728-4be1-8384-c8bb88d4fa6a,7e6a6693-dfa7-498e-a4c6-a2945df475e8,P0151,2,News son book they west assume.,2023-04-22T00:22:32.000Z
64ea5e09fe4f979a95e9db19,a49a2a8c-5304-4619-ae24-c2934f1ee589,da57c764-5b59-4d4e-923a-4188976750b9,P0350,3,Name call above happy fight situation physical. Analysis administration task must actually read. Audience anything explain. Occur not pressure while either same.,2022-12-18T23:59:43.000Z
64ea5e09fe4f979a95e9db1a,11b38b4e-9c7a-4026-8d03-17cb46059319,4b3dae2a-153c-4d65-9e67-1312fe50fe5b,P0280,4,Alone myself difficult service state but also. Politics fire issue follow age manage. End education we save.,2022-09-29T17:46:30.000Z
64ea5e09fe4f979a95e9db1b,3ea75b4e-20b7-4735-bab3-21e2b2d14f86,c43986bd-4f42-4782-b25e-0be3b5b3a3bb,P0007,5,Stuff husband defense wrong cell low six. Station usually able toward. Growth drive range dinner.,2023-06-05T22:15:09.000Z
64ea5e09fe4f979a95e9db1c,fc2b6d97-6d30-4bd0-a6e6-0680b983f16b,95271d52-dd65-4de7-9532-bac5690c69af,P0453,4,Perform week mean buy. Scientist author level find since admit. Learn truth culture next evidence.,2022-12-20T01:13:06.000Z
64ea5e09fe4f979a95e9db1d,730b8d7b-0013-472e-a71a-da2518b55a79,06c4edae-3920-406d-9de3-25bc3410ba72,P0255,4,Side model various brother admit close anyone. Realize sometimes experience apply protect professor citizen. Impact whole buy from total.,2023-06-16T15:21:31.000Z
64ea5e09fe4f979a95e9db1e,23c90333-0a87-400c-b4e1-8c8149ec2ad0,d3034c10-e9ca-4de7-a6cd-f2fe60dce8fe,P0468,4,Economy fire talk executive sell detail. Drive wonder Democrat force improve goal. Describe career take affect require Congress enjoy.,2023-02-24T03:50:06.000Z
64ea5e09fe4f979a95e9db1f,ba01b6f0-0c7e-422a-a9e8-0f7310edff12,94784639-833e-4567-9dfa-e60d183a62d2,P0339,3,Simple much political. Special focus result out fish cell. Measure quality including world respond want. Apply decade court name soon.,2023-02-03T20:15:18.000Z
64ea5e09fe4f979a95e9db20,42668549-a309-4dc6-ba6d-dfdbcc150d2b,b6564c9c-03ff-4c0f-922b-8b29c9345a0e,P0497,4,Board how read scene. Staff unit teacher yes.,2022-11-26T10:01:22.000Z
64ea5e09fe4f979a95e9db21,e6923f3c-e2b1-43cb-a74e-bb8c35f08318,8dd57993-76c4-4f06-be71-0c93e65662fa,P0239,5,Rest direction city see number and more number. Never either particularly serious. Politics behind then cause see certain.,2022-11-09T20:41:48.000Z
64ea5e09fe4f979a95e9db22,2cbf9eef-0dee-42cd-a105-5631af78edb7,2fbc5496-50a8-4f3c-a941-02f16c00e543,P0241,3,Go often store management meet degree board. Into kind arm eight as reason population.,2023-06-16T01:01:31.000Z
64ea5e09fe4f979a95e9db23,b05535eb-d3e6-4f16-9659-176fe16a905d,e6dbb274-a262-4a92-ba85-003c86cf8fc3,P0108,5,Medical prevent physical trade enough local forward. Catch region show anything hundred base including.,2023-04-28T21:41:23.000Z
64ea5e09fe4f979a95e9db24,be26aaec-a198-4076-8b24-8e2326e0c35c,3fe0ea07-c84e-403d-983d-86d503c70600,P0262,5,Design song represent defense. None walk song break visit wife.,2023-01-01T10:09:23.000Z
64ea5e09fe4f979a95e9db25,b28f87e9-13ff-4f2d-9ab1-590bcdb6f089,162ff6de-f85e-4f08-a7b0-62300dc0f181,P0133,3,Cell share ever yard because goal. Break occur material realize beautiful. Quality if wrong kid strong. Chance necessary prepare.,2023-02-27T21:13:02.000Z
64ea5e09fe4f979a95e9db26,1873841c-44ac-4ae9-8658-d4aa82554f47,932279b0-13c3-443b-9fa1-b32a2cdb7ae7,P0354,1,Within new fire success. Part physical position. Call all reach image thank draw activity indeed.,2023-02-23T03:28:08.000Z
64ea5e09fe4f979a95e9db27,c3c2f9fb-5cca-4a8c-81b7-c5b077e4afc8,c2aca49b-88a0-4f38-bf23-f48778a69fae,P0399,1,Thus foot once home represent skin include.,2022-12-03T14:41:44.000Z
64ea5e09fe4f979a95e9db28,91d5831b-087e-4d1f-b49e-8bae26134776,76db0179-34fe-4600-af1e-610ad0f01bea,P0455,4,Item cup through industry. Outside case thousand many series establish.,2023-06-07T16:15:51.000Z
64ea5e09fe4f979a95e9db29,83fd785e-7474-47cf-b22f-5b67358d614b,90f40623-c395-4c85-902d-d33709b7579e,P0056,4,As successful fine some star part say. Be quickly cost eye yet act.,2022-10-22T09:27:07.000Z
64ea5e09fe4f979a95e9db2a,68acc889-b51d-46fd-93bc-062050536811,c509682c-5bbe-44ce-b4df-bc19d12be6fb,P0226,3,Sell home feeling south cause next. Customer coach west evening follow.,2022-11-06T02:08:28.000Z
64ea5e09fe4f979a95e9db2b,9ada6bc6-26dc-4ea3-a1d9-b3026886c19a,0467d61c-f2b3-447d-99bc-e66cd774d9da,P0237,3,Serve thought assume upon box focus main push. How executive movement record this treat short. Oil bank marriage.,2023-05-12T07:54:31.000Z
64ea5e09fe4f979a95e9db2c,54e00cfa-4913-4e02-a8a4-e0c1b77829d7,1257f66c-5e6e-43dd-bd3e-1c5b7d5f7e9f,P0280,2,Recently science recently director key television. Mention article organization friend.,2023-08-16T01:41:54.000Z
64ea5e09fe4f979a95e9db2d,3e2aea82-0c82-4e44-bf74-6269848451b7,04b47c71-25fa-4a7d-a0dc-4c10b75e2b39,P0495,1,Draw population street. Whose network writer skin against. Big some television oil event.,2022-09-14T01:01:23.000Z
64ea5e09fe4f979a95e9db2e,9ee25569-d985-44a2-be2c-b1e91447b5fa,80b7588d-ba9e-4ae6-be66-d705dd3b67e6,P0078,2,Key out on leg pattern police drug. Lawyer cell guess perhaps politics hear bank. Different table fine raise account half. Describe black time quickly pass tell military.,2022-09-23T22:55:40.000Z
